"PP04B_COD";"PP04B_label";"caes_seccion_cod";"caes_seccion_label";"caes_division_cod";"caes_division_label";"caes_eph_cod";"caes_eph_label";"caes_version"
"01";"AGRICULTURA, GANADERÍA, CAZA Y ACTIVIDADES DE APOYO";"A";"AGRICULTURA, GANADERÍA, CAZA, SILVICULTURA Y PESCA";"01";"AGRICULTURA, GANADERÍA, CAZA Y ACTIVIDADES DE APOYO";"1";"Actividades primarias";"1.0"
"0101";"Cultivos agrícolas";"A";"AGRICULTURA, GANADERÍA, CAZA, SILVICULTURA Y PESCA";"01";"AGRICULTURA, GANADERÍA, CAZA Y ACTIVIDADES DE APOYO";"1";"Actividades primarias";"1.0"
"0102";"Cría de animales";"A";"AGRICULTURA, GANADERÍA, CAZA, SILVICULTURA Y PESCA";"01";"AGRICULTURA, GANADERÍA, CAZA Y ACTIVIDADES DE APOYO";"1";"Actividades primarias";"1.0"
"0103";"Cultivo de productos agrícolas en combinación con la cría de animales";"A";"AGRICULTURA, GANADERÍA, CAZA, SILVICULTURA Y PESCA";"01";"AGRICULTURA, GANADERÍA, CAZA Y ACTIVIDADES DE APOYO";"1";"Actividades primarias";"1.0"
"0104";"Servicios agrícolas y pecuarios, excepto los veterinarios";"A";"AGRICULTURA, GANADERÍA, CAZA, SILVICULTURA Y PESCA";"01";"AGRICULTURA, GANADERÍA, CAZA Y ACTIVIDADES DE APOYO";"1";"Actividades primarias";"1.0"
"0105";"Caza y servicios de apoyo";"A";"AGRICULTURA, GANADERÍA, CAZA, SILVICULTURA Y PESCA";"01";"AGRICULTURA, GANADERÍA, CAZA Y ACTIVIDADES DE APOYO";"1";"Actividades primarias";"1.0"
"02";"SILVICULTURA, EXTRACCIÓN DE MADERA Y ACTIVIDADES DE APOYO";"A";"AGRICULTURA, GANADERÍA, CAZA, SILVICULTURA Y PESCA";"02";"SILVICULTURA, EXTRACCIÓN DE MADERA Y ACTIVIDADES DE APOYO";"1";"Actividades primarias";"1.0"
"0200";"Silvicultura, extracción de madera y actividades de apoyo";"A";"AGRICULTURA, GANADERÍA, CAZA, SILVICULTURA Y PESCA";"02";"SILVICULTURA, EXTRACCIÓN DE MADERA Y ACTIVIDADES DE APOYO";"1";"Actividades primarias";"1.0"
"03";"PESCA, ACUICULTURA Y ACTIVIDADES DE APOYO";"A";"AGRICULTURA, GANADERÍA, CAZA, SILVICULTURA Y PESCA";"03";"PESCA, ACUICULTURA Y ACTIVIDADES DE APOYO";"1";"Actividades primarias";"1.0"
"0300";"Pesca, acuicultura y actividades de apoyo";"A";"AGRICULTURA, GANADERÍA, CAZA, SILVICULTURA Y PESCA";"03";"PESCA, ACUICULTURA Y ACTIVIDADES DE APOYO";"1";"Actividades primarias";"1.0"
"05";"EXTRACCIÓN DE CARBÓN Y LIGNITO";"B";"EXPLOTACIÓN DE MINAS Y CANTERAS";"05";"EXTRACCIÓN DE CARBÓN Y LIGNITO";"1";"Actividades primarias";"1.0"
"0500";"Extracción de carbón y lignito";"B";"EXPLOTACIÓN DE MINAS Y CANTERAS";"05";"EXTRACCIÓN DE CARBÓN Y LIGNITO";"1";"Actividades primarias";"1.0"
"06";"EXTRACCIÓN DE PETRÓLEO CRUDO Y GAS NATURAL";"B";"EXPLOTACIÓN DE MINAS Y CANTERAS";"06";"EXTRACCIÓN DE PETRÓLEO CRUDO Y GAS NATURAL";"1";"Actividades primarias";"1.0"
"0600";"Extracción de petróleo crudo y gas natural";"B";"EXPLOTACIÓN DE MINAS Y CANTERAS";"06";"EXTRACCIÓN DE PETRÓLEO CRUDO Y GAS NATURAL";"1";"Actividades primarias";"1.0"
"07";"EXTRACCIÓN DE MINERALES METALÍFEROS";"B";"EXPLOTACIÓN DE MINAS Y CANTERAS";"07";"EXTRACCIÓN DE MINERALES METALÍFEROS";"1";"Actividades primarias";"1.0"
"0700";"Extracción de minerales metalíferos";"B";"EXPLOTACIÓN DE MINAS Y CANTERAS";"07";"EXTRACCIÓN DE MINERALES METALÍFEROS";"1";"Actividades primarias";"1.0"
"08";"EXPLOTACIÓN DE OTRAS MINAS Y CANTERAS";"B";"EXPLOTACIÓN DE MINAS Y CANTERAS";"08";"EXPLOTACIÓN DE OTRAS MINAS Y CANTERAS";"1";"Actividades primarias";"1.0"
"0800";"Explotación de otras minas y canteras";"B";"EXPLOTACIÓN DE MINAS Y CANTERAS";"08";"EXPLOTACIÓN DE OTRAS MINAS Y CANTERAS";"1";"Actividades primarias";"1.0"
"09";"ACTIVIDADES DE APOYO A LA EXPLOTACIÓN DE MINAS Y CANTERAS";"B";"EXPLOTACIÓN DE MINAS Y CANTERAS";"09";"ACTIVIDADES DE APOYO A LA EXPLOTACIÓN DE MINAS Y CANTERAS";"1";"Actividades primarias";"1.0"
"0900";"Actividades de apoyo a la explotación de minas y canteras";"B";"EXPLOTACIÓN DE MINAS Y CANTERAS";"09";"ACTIVIDADES DE APOYO A LA EXPLOTACIÓN DE MINAS Y CANTERAS";"1";"Actividades primarias";"1.0"
"10";"ELABORACIÓN DE PRODUCTOS ALIMENTICIOS";"C";"INDUSTRIA MANUFACTURERA";"10";"ELABORACIÓN DE PRODUCTOS ALIMENTICIOS";"2";"Industria manufacturera";"1.0"
"1001";"Producción y procesamiento de carne y pescado";"C";"INDUSTRIA MANUFACTURERA";"10";"ELABORACIÓN DE PRODUCTOS ALIMENTICIOS";"2";"Industria manufacturera";"1.0"
"1002";"Preparación de frutas, hortalizas y legumbres; aceites y grasas";"C";"INDUSTRIA MANUFACTURERA";"10";"ELABORACIÓN DE PRODUCTOS ALIMENTICIOS";"2";"Industria manufacturera";"1.0"
"1003";"Elaboración de productos lácteos";"C";"INDUSTRIA MANUFACTURERA";"10";"ELABORACIÓN DE PRODUCTOS ALIMENTICIOS";"2";"Industria manufacturera";"1.0"
"1009";"Elaboración de productos alimenticios n.c.p.";"C";"INDUSTRIA MANUFACTURERA";"10";"ELABORACIÓN DE PRODUCTOS ALIMENTICIOS";"2";"Industria manufacturera";"1.0"
"11";"ELABORACIÓN DE BEBIDAS";"C";"INDUSTRIA MANUFACTURERA";"11";"ELABORACIÓN DE BEBIDAS";"2";"Industria manufacturera";"1.0"
"1100";"Elaboración de bebidas";"C";"INDUSTRIA MANUFACTURERA";"11";"ELABORACIÓN DE BEBIDAS";"2";"Industria manufacturera";"1.0"
"12";"ELABORACIÓN DE PRODUCTOS DE TABACO";"C";"INDUSTRIA MANUFACTURERA";"12";"ELABORACIÓN DE PRODUCTOS DE TABACO";"2";"Industria manufacturera";"1.0"
"1200";"Elaboración de productos de tabaco";"C";"INDUSTRIA MANUFACTURERA";"12";"ELABORACIÓN DE PRODUCTOS DE TABACO";"2";"Industria manufacturera";"1.0"
"13";"FABRICACIÓN DE PRODUCTOS TEXTILES, EXCEPTO PRENDAS DE VESTIR";"C";"INDUSTRIA MANUFACTURERA";"13";"FABRICACIÓN DE PRODUCTOS TEXTILES, EXCEPTO PRENDAS DE VESTIR";"2";"Industria manufacturera";"1.0"
"1300";"Fabricación de productos textiles, excepto prendas de vestir";"C";"INDUSTRIA MANUFACTURERA";"13";"FABRICACIÓN DE PRODUCTOS TEXTILES, EXCEPTO PRENDAS DE VESTIR";"2";"Industria manufacturera";"1.0"
"14";"CONFECCIÓN DE PRENDAS DE VESTIR, TERMINACIÓN Y TEÑIDO DE PIELES";"C";"INDUSTRIA MANUFACTURERA";"14";"CONFECCIÓN DE PRENDAS DE VESTIR, TERMINACIÓN Y TEÑIDO DE PIELES";"2";"Industria manufacturera";"1.0"
"1400";"Confección de prendas de vestir, terminación y teñido de pieles";"C";"INDUSTRIA MANUFACTURERA";"14";"CONFECCIÓN DE PRENDAS DE VESTIR, TERMINACIÓN Y TEÑIDO DE PIELES";"2";"Industria manufacturera";"1.0"
"15";"FABRICACION DE CUERO Y PRODUCTOS CONEXOS";"C";"INDUSTRIA MANUFACTURERA";"15";"FABRICACION DE CUERO Y PRODUCTOS CONEXOS";"2";"Industria manufacturera";"1.0"
"1501";"Curtido y terminación de cueros; fabricación de maletas, bolsos de mano y artículos de talabartería y guarnicionería; teñido de pieles";"C";"INDUSTRIA MANUFACTURERA";"15";"FABRICACION DE CUERO Y PRODUCTOS CONEXOS";"2";"Industria manufacturera";"1.0"
"1502";"Fabricación de calzado y sus partes";"C";"INDUSTRIA MANUFACTURERA";"15";"FABRICACION DE CUERO Y PRODUCTOS CONEXOS";"2";"Industria manufacturera";"1.0"
"16";"PRODUCCIÓN DE MADERA Y FABRICACIÓN DE PRODUCTOS DE MADERA Y CORCHO, EXCEPTO MUEBLES; FABRICACIÓN DE ARTÍCULOS DE PAJA Y DE MATERIALES TRENZABLES";"C";"INDUSTRIA MANUFACTURERA";"16";"PRODUCCIÓN DE MADERA Y FABRICACIÓN DE PRODUCTOS DE MADERA Y CORCHO, EXCEPTO MUEBLES; FABRICACIÓN DE ARTÍCULOS DE PAJA Y DE MATERIALES TRENZABLES";"2";"Industria manufacturera";"1.0"
"1600";"Producción de madera y fabricación de productos de madera y corcho, excepto muebles; fabricación de artículos de paja y de materiales trenzables";"C";"INDUSTRIA MANUFACTURERA";"16";"PRODUCCIÓN DE MADERA Y FABRICACIÓN DE PRODUCTOS DE MADERA Y CORCHO, EXCEPTO MUEBLES; FABRICACIÓN DE ARTÍCULOS DE PAJA Y DE MATERIALES TRENZABLES";"2";"Industria manufacturera";"1.0"
"17";"FABRICACIÓN DE PAPEL Y PRODUCTOS DE PAPEL";"C";"INDUSTRIA MANUFACTURERA";"17";"FABRICACIÓN DE PAPEL Y PRODUCTOS DE PAPEL";"2";"Industria manufacturera";"1.0"
"1700";"Fabricación de papel y productos de papel";"C";"INDUSTRIA MANUFACTURERA";"17";"FABRICACIÓN DE PAPEL Y PRODUCTOS DE PAPEL";"2";"Industria manufacturera";"1.0"
"18";"ACTIVIDADES DE IMPRESIÓN Y SERVICIOS DE APOYO; REPRODUCCIÓN DE GRABACIONES";"C";"INDUSTRIA MANUFACTURERA";"18";"ACTIVIDADES DE IMPRESIÓN Y SERVICIOS DE APOYO; REPRODUCCIÓN DE GRABACIONES";"2";"Industria manufacturera";"1.0"
"1800";"Actividades de impresión y servicios de apoyo; reproducción de grabaciones";"C";"INDUSTRIA MANUFACTURERA";"18";"ACTIVIDADES DE IMPRESIÓN Y SERVICIOS DE APOYO; REPRODUCCIÓN DE GRABACIONES";"2";"Industria manufacturera";"1.0"
"19";"FABRICACIÓN DE COQUE Y DE PRODUCTOS DE LA REFINACIÓN DEL PETRÓLEO";"C";"INDUSTRIA MANUFACTURERA";"19";"FABRICACIÓN DE COQUE Y DE PRODUCTOS DE LA REFINACIÓN DEL PETRÓLEO";"2";"Industria manufacturera";"1.0"
"1901";"Fabricación de productos de hornos de coque";"C";"INDUSTRIA MANUFACTURERA";"19";"FABRICACIÓN DE COQUE Y DE PRODUCTOS DE LA REFINACIÓN DEL PETRÓLEO";"2";"Industria manufacturera";"1.0"
"1902";"Fabricación de productos de la refinación del petróleo";"C";"INDUSTRIA MANUFACTURERA";"19";"FABRICACIÓN DE COQUE Y DE PRODUCTOS DE LA REFINACIÓN DEL PETRÓLEO";"2";"Industria manufacturera";"1.0"
"20";"FABRICACIÓN DE SUSTANCIAS Y PRODUCTOS QUÍMICOS";"C";"INDUSTRIA MANUFACTURERA";"20";"FABRICACIÓN DE SUSTANCIAS Y PRODUCTOS QUÍMICOS";"2";"Industria manufacturera";"1.0"
"2001";"Fabricación de pinturas, barnices y productos de revestimiento similares, tintas de imprenta y masillas";"C";"INDUSTRIA MANUFACTURERA";"20";"FABRICACIÓN DE SUSTANCIAS Y PRODUCTOS QUÍMICOS";"2";"Industria manufacturera";"1.0"
"2002";"Fabricación de jabones y detergentes, preparados para limpiar y pulir, perfumes y preparados de tocador";"C";"INDUSTRIA MANUFACTURERA";"20";"FABRICACIÓN DE SUSTANCIAS Y PRODUCTOS QUÍMICOS";"2";"Industria manufacturera";"1.0"
"2009";"Fabricación de otros productos químicos n.c.p.";"C";"INDUSTRIA MANUFACTURERA";"20";"FABRICACIÓN DE SUSTANCIAS Y PRODUCTOS QUÍMICOS";"2";"Industria manufacturera";"1.0"
"21";"FABRICACIÓN DE PRODUCTOS FARMACÉUTICOS, SUSTANCIAS QUÍMICAS MEDICINALES Y PRODUCTOS BOTÁNICOS";"C";"INDUSTRIA MANUFACTURERA";"21";"FABRICACIÓN DE PRODUCTOS FARMACÉUTICOS, SUSTANCIAS QUÍMICAS MEDICINALES Y PRODUCTOS BOTÁNICOS";"2";"Industria manufacturera";"1.0"
"2100";"Fabricación de productos farmacéuticos, sustancias químicas medicinales y productos botánicos";"C";"INDUSTRIA MANUFACTURERA";"21";"FABRICACIÓN DE PRODUCTOS FARMACÉUTICOS, SUSTANCIAS QUÍMICAS MEDICINALES Y PRODUCTOS BOTÁNICOS";"2";"Industria manufacturera";"1.0"
"22";"FABRICACIÓN DE PRODUCTOS DE CAUCHO Y PLÁSTICO";"C";"INDUSTRIA MANUFACTURERA";"22";"FABRICACIÓN DE PRODUCTOS DE CAUCHO Y PLÁSTICO";"2";"Industria manufacturera";"1.0"
"2201";"Fabricación de productos de caucho";"C";"INDUSTRIA MANUFACTURERA";"22";"FABRICACIÓN DE PRODUCTOS DE CAUCHO Y PLÁSTICO";"2";"Industria manufacturera";"1.0"
"2202";"Fabricación de productos de plástico";"C";"INDUSTRIA MANUFACTURERA";"22";"FABRICACIÓN DE PRODUCTOS DE CAUCHO Y PLÁSTICO";"2";"Industria manufacturera";"1.0"
"23";"FABRICACIÓN DE PRODUCTOS DE MINERALES NO METÁLICOS";"C";"INDUSTRIA MANUFACTURERA";"23";"FABRICACIÓN DE PRODUCTOS DE MINERALES NO METÁLICOS";"2";"Industria manufacturera";"1.0"
"2301";"Fabricación de vidrio y productos de vidrio";"C";"INDUSTRIA MANUFACTURERA";"23";"FABRICACIÓN DE PRODUCTOS DE MINERALES NO METÁLICOS";"2";"Industria manufacturera";"1.0"
"2309";"Fabricación de productos minerales no metálicos n.c.p.";"C";"INDUSTRIA MANUFACTURERA";"23";"FABRICACIÓN DE PRODUCTOS DE MINERALES NO METÁLICOS";"2";"Industria manufacturera";"1.0"
"24";"FABRICACIÓN DE METALES";"C";"INDUSTRIA MANUFACTURERA";"24";"FABRICACIÓN DE METALES";"2";"Industria manufacturera";"1.0"
"2400";"Fabricación de metales";"C";"INDUSTRIA MANUFACTURERA";"24";"FABRICACIÓN DE METALES";"2";"Industria manufacturera";"1.0"
"25";"FABRICACIÓN DE PRODUCTOS ELABORADOS DE METAL Y SERVICIOS DE TRABAJOS DE METALES, EXCEPTO MÁQUINAS Y EQUIPOS";"C";"INDUSTRIA MANUFACTURERA";"25";"FABRICACIÓN DE PRODUCTOS ELABORADOS DE METAL Y SERVICIOS DE TRABAJOS DE METALES, EXCEPTO MÁQUINAS Y EQUIPOS";"2";"Industria manufacturera";"1.0"
"2500";"Fabricación de productos elaborados de metal y servicios de trabajos de metales, excepto máquinas y equipos";"C";"INDUSTRIA MANUFACTURERA";"25";"FABRICACIÓN DE PRODUCTOS ELABORADOS DE METAL Y SERVICIOS DE TRABAJOS DE METALES, EXCEPTO MÁQUINAS Y EQUIPOS";"2";"Industria manufacturera";"1.0"
"26";"FABRICACIÓN DE EQUIPOS INFORMÁTICOS, ELECTRÓNICOS Y ÓPTICOS";"C";"INDUSTRIA MANUFACTURERA";"26";"FABRICACIÓN DE EQUIPOS INFORMÁTICOS, ELECTRÓNICOS Y ÓPTICOS";"2";"Industria manufacturera";"1.0"
"2601";"Fabricación de componentes electrónicos";"C";"INDUSTRIA MANUFACTURERA";"26";"FABRICACIÓN DE EQUIPOS INFORMÁTICOS, ELECTRÓNICOS Y ÓPTICOS";"2";"Industria manufacturera";"1.0"
"2602";"Fabricación de equipos informáticos y periféricos";"C";"INDUSTRIA MANUFACTURERA";"26";"FABRICACIÓN DE EQUIPOS INFORMÁTICOS, ELECTRÓNICOS Y ÓPTICOS";"2";"Industria manufacturera";"1.0"
"2603";"Fabricación de equipos y aparatos de radio, televisión y comunicaciones";"C";"INDUSTRIA MANUFACTURERA";"26";"FABRICACIÓN DE EQUIPOS INFORMÁTICOS, ELECTRÓNICOS Y ÓPTICOS";"2";"Industria manufacturera";"1.0"
"2604";"Fabricación de equipos electromédicos, ópticos y de precisión; fabricación de relojes; soportes magnéticos y ópticos";"C";"INDUSTRIA MANUFACTURERA";"26";"FABRICACIÓN DE EQUIPOS INFORMÁTICOS, ELECTRÓNICOS Y ÓPTICOS";"2";"Industria manufacturera";"1.0"
"27";"FABRICACIÓN DE MAQUINARIA Y EQUIPOS ELÉCTRICOS";"C";"INDUSTRIA MANUFACTURERA";"27";"FABRICACIÓN DE MAQUINARIA Y EQUIPOS ELÉCTRICOS";"2";"Industria manufacturera";"1.0"
"2701";"Fabricación de aparatos de uso doméstico, excepto equipos de audio y video";"C";"INDUSTRIA MANUFACTURERA";"27";"FABRICACIÓN DE MAQUINARIA Y EQUIPOS ELÉCTRICOS";"2";"Industria manufacturera";"1.0"
"2709";"Fabricación de otras maquinarias y equipos eléctricos n.c.p.";"C";"INDUSTRIA MANUFACTURERA";"27";"FABRICACIÓN DE MAQUINARIA Y EQUIPOS ELÉCTRICOS";"2";"Industria manufacturera";"1.0"
"28";"FABRICACIÓN DE MAQUINARIAS Y EQUIPOS N.C.P.";"C";"INDUSTRIA MANUFACTURERA";"28";"FABRICACIÓN DE MAQUINARIAS Y EQUIPOS N.C.P.";"2";"Industria manufacturera";"1.0"
"2800";"Fabricación de maquinarias y equipos n.c.p.";"C";"INDUSTRIA MANUFACTURERA";"28";"FABRICACIÓN DE MAQUINARIAS Y EQUIPOS N.C.P.";"2";"Industria manufacturera";"1.0"
"29";"FABRICACIÓN DE VEHÍCULOS AUTOMOTORES, REMOLQUES Y SEMIRREMOLQUES";"C";"INDUSTRIA MANUFACTURERA";"29";"FABRICACIÓN DE VEHÍCULOS AUTOMOTORES, REMOLQUES Y SEMIRREMOLQUES";"2";"Industria manufacturera";"1.0"
"2900";"Fabricación de vehículos automotores, remolques y semirremolques";"C";"INDUSTRIA MANUFACTURERA";"29";"FABRICACIÓN DE VEHÍCULOS AUTOMOTORES, REMOLQUES Y SEMIRREMOLQUES";"2";"Industria manufacturera";"1.0"
"30";"FABRICACIÓN DE OTROS EQUIPOS DE TRANSPORTE N.C.P.";"C";"INDUSTRIA MANUFACTURERA";"30";"FABRICACIÓN DE OTROS EQUIPOS DE TRANSPORTE N.C.P.";"2";"Industria manufacturera";"1.0"
"3001";"Construcción de buques y otras embarcaciones";"C";"INDUSTRIA MANUFACTURERA";"30";"FABRICACIÓN DE OTROS EQUIPOS DE TRANSPORTE N.C.P.";"2";"Industria manufacturera";"1.0"
"3002";"Fabricación de locomotoras y de material rodante para ferrocarriles y tranvías";"C";"INDUSTRIA MANUFACTURERA";"30";"FABRICACIÓN DE OTROS EQUIPOS DE TRANSPORTE N.C.P.";"2";"Industria manufacturera";"1.0"
"3003";"Fabricación de aeronaves";"C";"INDUSTRIA MANUFACTURERA";"30";"FABRICACIÓN DE OTROS EQUIPOS DE TRANSPORTE N.C.P.";"2";"Industria manufacturera";"1.0"
"3009";"Fabricación de otros equipos de transporte n.c.p.";"C";"INDUSTRIA MANUFACTURERA";"30";"FABRICACIÓN DE OTROS EQUIPOS DE TRANSPORTE N.C.P.";"2";"Industria manufacturera";"1.0"
"31";"FABRICACIÓN DE MUEBLES Y COLCHONES";"C";"INDUSTRIA MANUFACTURERA";"31";"FABRICACIÓN DE MUEBLES Y COLCHONES";"2";"Industria manufacturera";"1.0"
"3100";"Fabricación de muebles y colchones";"C";"INDUSTRIA MANUFACTURERA";"31";"FABRICACIÓN DE MUEBLES Y COLCHONES";"2";"Industria manufacturera";"1.0"
"32";"INDUSTRIAS MANUFACTURERAS N.C.P.";"C";"INDUSTRIA MANUFACTURERA";"32";"INDUSTRIAS MANUFACTURERAS N.C.P.";"2";"Industria manufacturera";"1.0"
"3200";"Industrias manufactureras n.c.p";"C";"INDUSTRIA MANUFACTURERA";"32";"INDUSTRIAS MANUFACTURERAS N.C.P.";"2";"Industria manufacturera";"1.0"
"33";"MANTENIMIENTO, REPARACIÓN E INSTALACIÓN DE MÁQUINAS Y EQUIPOS";"C";"INDUSTRIA MANUFACTURERA";"33";"MANTENIMIENTO, REPARACIÓN E INSTALACIÓN DE MÁQUINAS Y EQUIPOS";"2";"Industria manufacturera";"1.0"
"3300";"Mantenimiento, reparación e instalación de máquinas y equipos";"C";"INDUSTRIA MANUFACTURERA";"33";"MANTENIMIENTO, REPARACIÓN E INSTALACIÓN DE MÁQUINAS Y EQUIPOS";"2";"Industria manufacturera";"1.0"
"35";"ELECTRICIDAD, GAS, VAPOR Y AIRE ACONDICIONADO";"D";"SUMINISTRO DE ELECTRICIDAD, GAS, VAPOR Y AIRE ACONDICIONADO";"35";"ELECTRICIDAD, GAS, VAPOR Y AIRE ACONDICIONADO";"14";"Actividades no bien especificadas";"1.0"
"3501";"Generación, transmisión y distribución de energía eléctrica";"D";"SUMINISTRO DE ELECTRICIDAD, GAS, VAPOR Y AIRE ACONDICIONADO";"35";"ELECTRICIDAD, GAS, VAPOR Y AIRE ACONDICIONADO";"14";"Actividades no bien especificadas";"1.0"
"3502";"Fabricación de gas; distribución de combustibles gaseosos por tuberías; suministro de vapor y aire acondicionado";"D";"SUMINISTRO DE ELECTRICIDAD, GAS, VAPOR Y AIRE ACONDICIONADO";"35";"ELECTRICIDAD, GAS, VAPOR Y AIRE ACONDICIONADO";"14";"Actividades no bien especificadas";"1.0"
"36";"CAPTACIÓN, TRATAMIENTO Y SUMINISTRO DE AGUA";"E";"SUMINISTRO DE AGUA; ALCANTARILLADO; GESTIÓN DE DESECHOS Y ACTIVIDADES DE SANEAMIENTO";"36";"CAPTACIÓN, TRATAMIENTO Y SUMINISTRO DE AGUA";"13";"Otras ramas";"1.0"
"3600";"Captación, tratamiento y suministro de agua";"E";"SUMINISTRO DE AGUA; ALCANTARILLADO; GESTIÓN DE DESECHOS Y ACTIVIDADES DE SANEAMIENTO";"36";"CAPTACIÓN, TRATAMIENTO Y SUMINISTRO DE AGUA";"13";"Otras ramas";"1.0"
"37";"ALCANTARILLADO";"E";"SUMINISTRO DE AGUA; ALCANTARILLADO; GESTIÓN DE DESECHOS Y ACTIVIDADES DE SANEAMIENTO";"37";"ALCANTARILLADO";"13";"Otras ramas";"1.0"
"3700";"Alcantarillado";"E";"SUMINISTRO DE AGUA; ALCANTARILLADO; GESTIÓN DE DESECHOS Y ACTIVIDADES DE SANEAMIENTO";"37";"ALCANTARILLADO";"13";"Otras ramas";"1.0"
"38";"RECOLECCIÓN, TRATAMIENTO Y ELIMINACIÓN DE DESECHOS; RECUPERACIÓN DE MATERIALES";"E";"SUMINISTRO DE AGUA; ALCANTARILLADO; GESTIÓN DE DESECHOS Y ACTIVIDADES DE SANEAMIENTO";"38";"RECOLECCIÓN, TRATAMIENTO Y ELIMINACIÓN DE DESECHOS; RECUPERACIÓN DE MATERIALES";"13";"Otras ramas";"1.0"
"3800";"Recolección, tratamiento y eliminación de desechos; recuperación de materiales";"E";"SUMINISTRO DE AGUA; ALCANTARILLADO; GESTIÓN DE DESECHOS Y ACTIVIDADES DE SANEAMIENTO";"38";"RECOLECCIÓN, TRATAMIENTO Y ELIMINACIÓN DE DESECHOS; RECUPERACIÓN DE MATERIALES";"13";"Otras ramas";"1.0"
"39";"ACTIVIDADES DE SANEAMIENTO Y OTROS SERVICIOS DE GESTIÓN DE DESECHOS";"E";"SUMINISTRO DE AGUA; ALCANTARILLADO; GESTIÓN DE DESECHOS Y ACTIVIDADES DE SANEAMIENTO";"39";"ACTIVIDADES DE SANEAMIENTO Y OTROS SERVICIOS DE GESTIÓN DE DESECHOS";"13";"Otras ramas";"1.0"
"3900";"Actividades de saneamiento y otros servicios de gestión de desechos";"E";"SUMINISTRO DE AGUA; ALCANTARILLADO; GESTIÓN DE DESECHOS Y ACTIVIDADES DE SANEAMIENTO";"39";"ACTIVIDADES DE SANEAMIENTO Y OTROS SERVICIOS DE GESTIÓN DE DESECHOS";"13";"Otras ramas";"1.0"
"40";"CONSTRUCCIÓN";"F";"CONSTRUCCIÓN";"40";"CONSTRUCCIÓN";"3";"Construccion";"1.0"
"4000";"Construcción";"F";"CONSTRUCCIÓN";"40";"CONSTRUCCIÓN";"3";"Construccion";"1.0"
"45";"COMERCIO Y REPARACIÓN DE VEHÍCULOS AUTOMOTORES Y MOTOCICLETAS";"G";"COMERCIO AL POR MAYOR Y AL POR MENOR; REPARACIÓN DE VEHÍCULOS AUTOMOTORES Y MOTOCICLETAS";"45";"COMERCIO Y REPARACIÓN DE VEHÍCULOS AUTOMOTORES Y MOTOCICLETAS";"4";"Comercio";"1.0"
"4501";"Comercio de vehículos automotores, excepto motocicletas";"G";"COMERCIO AL POR MAYOR Y AL POR MENOR; REPARACIÓN DE VEHÍCULOS AUTOMOTORES Y MOTOCICLETAS";"45";"COMERCIO Y REPARACIÓN DE VEHÍCULOS AUTOMOTORES Y MOTOCICLETAS";"4";"Comercio";"1.0"
"4502";"Mantenimiento y reparación de vehículos automotores, excepto motocicletas";"G";"COMERCIO AL POR MAYOR Y AL POR MENOR; REPARACIÓN DE VEHÍCULOS AUTOMOTORES Y MOTOCICLETAS";"45";"COMERCIO Y REPARACIÓN DE VEHÍCULOS AUTOMOTORES Y MOTOCICLETAS";"4";"Comercio";"1.0"
"4503";"Comercio de partes, piezas y accesorios de vehículos automotores, excepto motocicletas";"G";"COMERCIO AL POR MAYOR Y AL POR MENOR; REPARACIÓN DE VEHÍCULOS AUTOMOTORES Y MOTOCICLETAS";"45";"COMERCIO Y REPARACIÓN DE VEHÍCULOS AUTOMOTORES Y MOTOCICLETAS";"4";"Comercio";"1.0"
"4504";"Comercio, mantenimiento y reparación de motocicletas y de sus piezas y accesorios";"G";"COMERCIO AL POR MAYOR Y AL POR MENOR; REPARACIÓN DE VEHÍCULOS AUTOMOTORES Y MOTOCICLETAS";"45";"COMERCIO Y REPARACIÓN DE VEHÍCULOS AUTOMOTORES Y MOTOCICLETAS";"4";"Comercio";"1.0"
"48";"COMERCIO, EXCEPTO DE VEHÍCULOS AUTOMOTORES Y MOTOCICLETAS";"G";"COMERCIO AL POR MAYOR Y AL POR MENOR; REPARACIÓN DE VEHÍCULOS AUTOMOTORES Y MOTOCICLETAS";"48";"COMERCIO, EXCEPTO DE VEHÍCULOS AUTOMOTORES Y MOTOCICLETAS";"4";"Comercio";"1.0"
"4801";"Comercio de intermediación";"G";"COMERCIO AL POR MAYOR Y AL POR MENOR; REPARACIÓN DE VEHÍCULOS AUTOMOTORES Y MOTOCICLETAS";"48";"COMERCIO, EXCEPTO DE VEHÍCULOS AUTOMOTORES Y MOTOCICLETAS";"4";"Comercio";"1.0"
"4802";"Comercio de materias primas agropecuarias";"G";"COMERCIO AL POR MAYOR Y AL POR MENOR; REPARACIÓN DE VEHÍCULOS AUTOMOTORES Y MOTOCICLETAS";"48";"COMERCIO, EXCEPTO DE VEHÍCULOS AUTOMOTORES Y MOTOCICLETAS";"4";"Comercio";"1.0"
"4803";"Comercio de alimentos, bebidas y tabaco";"G";"COMERCIO AL POR MAYOR Y AL POR MENOR; REPARACIÓN DE VEHÍCULOS AUTOMOTORES Y MOTOCICLETAS";"48";"COMERCIO, EXCEPTO DE VEHÍCULOS AUTOMOTORES Y MOTOCICLETAS";"4";"Comercio";"1.0"
"4804";"Comercio de textiles y avíos, mercería, prendas de vestir, calzado, marroquinería y artículos similares";"G";"COMERCIO AL POR MAYOR Y AL POR MENOR; REPARACIÓN DE VEHÍCULOS AUTOMOTORES Y MOTOCICLETAS";"48";"COMERCIO, EXCEPTO DE VEHÍCULOS AUTOMOTORES Y MOTOCICLETAS";"4";"Comercio";"1.0"
"4805";"Comercio de materiales de construcción, artículos de ferretería, plomería, pinturería, espejos y artículos para revestimiento";"G";"COMERCIO AL POR MAYOR Y AL POR MENOR; REPARACIÓN DE VEHÍCULOS AUTOMOTORES Y MOTOCICLETAS";"48";"COMERCIO, EXCEPTO DE VEHÍCULOS AUTOMOTORES Y MOTOCICLETAS";"4";"Comercio";"1.0"
"4806";"Comercio de combustibles para vehículos";"G";"COMERCIO AL POR MAYOR Y AL POR MENOR; REPARACIÓN DE VEHÍCULOS AUTOMOTORES Y MOTOCICLETAS";"48";"COMERCIO, EXCEPTO DE VEHÍCULOS AUTOMOTORES Y MOTOCICLETAS";"4";"Comercio";"1.0"
"4807";"Comercio de mercaderías n.c.p. incluso mercaderías usadas";"G";"COMERCIO AL POR MAYOR Y AL POR MENOR; REPARACIÓN DE VEHÍCULOS AUTOMOTORES Y MOTOCICLETAS";"48";"COMERCIO, EXCEPTO DE VEHÍCULOS AUTOMOTORES Y MOTOCICLETAS";"4";"Comercio";"1.0"
"4808";"Tiendas no especializadas con predominancia de alimentos y bebidas";"G";"COMERCIO AL POR MAYOR Y AL POR MENOR; REPARACIÓN DE VEHÍCULOS AUTOMOTORES Y MOTOCICLETAS";"48";"COMERCIO, EXCEPTO DE VEHÍCULOS AUTOMOTORES Y MOTOCICLETAS";"4";"Comercio";"1.0"
"4809";"Tiendas no especializadas sin predominancia de alimentos y bebidas";"G";"COMERCIO AL POR MAYOR Y AL POR MENOR; REPARACIÓN DE VEHÍCULOS AUTOMOTORES Y MOTOCICLETAS";"48";"COMERCIO, EXCEPTO DE VEHÍCULOS AUTOMOTORES Y MOTOCICLETAS";"4";"Comercio";"1.0"
"4810";"Comercio al por menor en puestos móviles y no realizadas en tiendas n.c.p.";"G";"COMERCIO AL POR MAYOR Y AL POR MENOR; REPARACIÓN DE VEHÍCULOS AUTOMOTORES Y MOTOCICLETAS";"48";"COMERCIO, EXCEPTO DE VEHÍCULOS AUTOMOTORES Y MOTOCICLETAS";"4";"Comercio";"1.0"
"4811";"Comercio al por menor por correo, televisión, internet y otros medios de comunicación";"G";"COMERCIO AL POR MAYOR Y AL POR MENOR; REPARACIÓN DE VEHÍCULOS AUTOMOTORES Y MOTOCICLETAS";"48";"COMERCIO, EXCEPTO DE VEHÍCULOS AUTOMOTORES Y MOTOCICLETAS";"4";"Comercio";"1.0"
"49";"TRANSPORTE TERRESTRE Y POR TUBERÍAS";"H";"TRANSPORTE Y ALMACENAMIENTO";"49";"TRANSPORTE TERRESTRE Y POR TUBERÍAS";"6";"Transporte, almacenamiento y comunicaciones";"1.0"
"4901";"Transporte ferroviario";"H";"TRANSPORTE Y ALMACENAMIENTO";"49";"TRANSPORTE TERRESTRE Y POR TUBERÍAS";"6";"Transporte, almacenamiento y comunicaciones";"1.0"
"4902";"Transporte por metro";"H";"TRANSPORTE Y ALMACENAMIENTO";"49";"TRANSPORTE TERRESTRE Y POR TUBERÍAS";"6";"Transporte, almacenamiento y comunicaciones";"1.0"
"4903";"Transporte automotor de pasajeros";"H";"TRANSPORTE Y ALMACENAMIENTO";"49";"TRANSPORTE TERRESTRE Y POR TUBERÍAS";"6";"Transporte, almacenamiento y comunicaciones";"1.0"
"4904";"Transporte automotor de cargas";"H";"TRANSPORTE Y ALMACENAMIENTO";"49";"TRANSPORTE TERRESTRE Y POR TUBERÍAS";"6";"Transporte, almacenamiento y comunicaciones";"1.0"
"4905";"Transporte por tuberías";"H";"TRANSPORTE Y ALMACENAMIENTO";"49";"TRANSPORTE TERRESTRE Y POR TUBERÍAS";"6";"Transporte, almacenamiento y comunicaciones";"1.0"
"4909";"Transporte terrestre n.c.p.";"H";"TRANSPORTE Y ALMACENAMIENTO";"49";"TRANSPORTE TERRESTRE Y POR TUBERÍAS";"6";"Transporte, almacenamiento y comunicaciones";"1.0"
"50";"TRANSPORTE POR VÍA ACUÁTICA";"H";"TRANSPORTE Y ALMACENAMIENTO";"50";"TRANSPORTE POR VÍA ACUÁTICA";"6";"Transporte, almacenamiento y comunicaciones";"1.0"
"5000";"Transporte por vía acuática";"H";"TRANSPORTE Y ALMACENAMIENTO";"50";"TRANSPORTE POR VÍA ACUÁTICA";"6";"Transporte, almacenamiento y comunicaciones";"1.0"
"51";"TRANSPORTE AÉREO";"H";"TRANSPORTE Y ALMACENAMIENTO";"51";"TRANSPORTE AÉREO";"6";"Transporte, almacenamiento y comunicaciones";"1.0"
"5100";"Transporte aéreo";"H";"TRANSPORTE Y ALMACENAMIENTO";"51";"TRANSPORTE AÉREO";"6";"Transporte, almacenamiento y comunicaciones";"1.0"
"52";"ALMACENAMIENTO Y ACTIVIDADES AUXILIARES AL TRANSPORTE";"H";"TRANSPORTE Y ALMACENAMIENTO";"52";"ALMACENAMIENTO Y ACTIVIDADES AUXILIARES AL TRANSPORTE";"6";"Transporte, almacenamiento y comunicaciones";"1.0"
"5201";"Depósito y almacenamiento";"H";"TRANSPORTE Y ALMACENAMIENTO";"52";"ALMACENAMIENTO Y ACTIVIDADES AUXILIARES AL TRANSPORTE";"6";"Transporte, almacenamiento y comunicaciones";"1.0"
"5202";"Servicios auxiliares al transporte";"H";"TRANSPORTE Y ALMACENAMIENTO";"52";"ALMACENAMIENTO Y ACTIVIDADES AUXILIARES AL TRANSPORTE";"6";"Transporte, almacenamiento y comunicaciones";"1.0"
"53";"CORREO Y SERVICIOS DE MENSAJERÍA";"H";"TRANSPORTE Y ALMACENAMIENTO";"53";"CORREO Y SERVICIOS DE MENSAJERÍA";"6";"Transporte, almacenamiento y comunicaciones";"1.0"
"5300";"Correo y servicios de mensajería";"H";"TRANSPORTE Y ALMACENAMIENTO";"53";"CORREO Y SERVICIOS DE MENSAJERÍA";"6";"Transporte, almacenamiento y comunicaciones";"1.0"
"55";"SERVICIOS DE ALOJAMIENTO EN HOTELES, CAMPAMENTOS Y OTRO TIPO DE HOSPEDAJE TEMPORAL";"I";"ALOJAMIENTO Y SERVICIOS DE COMIDAS";"55";"SERVICIOS DE ALOJAMIENTO EN HOTELES, CAMPAMENTOS Y OTRO TIPO DE HOSPEDAJE TEMPORAL";"5";"Hoteles y restaurantes";"1.0"
"5500";"Servicios de alojamiento en hoteles, campamentos y otros tipos de hospedaje temporal";"I";"ALOJAMIENTO Y SERVICIOS DE COMIDAS";"55";"SERVICIOS DE ALOJAMIENTO EN HOTELES, CAMPAMENTOS Y OTRO TIPO DE HOSPEDAJE TEMPORAL";"5";"Hoteles y restaurantes";"1.0"
"56";"SERVICIOS DE COMIDAS Y BEBIDAS";"I";"ALOJAMIENTO Y SERVICIOS DE COMIDAS";"56";"SERVICIOS DE COMIDAS Y BEBIDAS";"5";"Hoteles y restaurantes";"1.0"
"5601";"Servicios de expendio de comidas y bebidas, excepto por vendedores ambulantes";"I";"ALOJAMIENTO Y SERVICIOS DE COMIDAS";"56";"SERVICIOS DE COMIDAS Y BEBIDAS";"5";"Hoteles y restaurantes";"1.0"
"5602";"Servicios de expendio de comidas y bebidas por vendedores ambulantes";"I";"ALOJAMIENTO Y SERVICIOS DE COMIDAS";"56";"SERVICIOS DE COMIDAS Y BEBIDAS";"5";"Hoteles y restaurantes";"1.0"
"58";"EDICIÓN DE LIBROS, PERIÓDICOS Y OTRAS PUBLICACIONES, INCLUSO INTEGRADA A LA IMPRESIÓN";"J";"INFORMACIÓN Y COMUNICACIÓN";"58";"EDICIÓN DE LIBROS, PERIÓDICOS Y OTRAS PUBLICACIONES, INCLUSO INTEGRADA A LA IMPRESIÓN";"6";"Transporte, almacenamiento y comunicaciones";"1.0"
"5800";"Edición de libros, periódicos y otras publicaciones, incluso integrada a la impresión";"J";"INFORMACIÓN Y COMUNICACIÓN";"58";"EDICIÓN DE LIBROS, PERIÓDICOS Y OTRAS PUBLICACIONES, INCLUSO INTEGRADA A LA IMPRESIÓN";"6";"Transporte, almacenamiento y comunicaciones";"1.0"
"59";"ACTIVIDADES CINEMATOGRÁFICAS; PRODUCCIÓN DE VÍDEOS Y PROGRAMAS DE TELEVISIÓN; GRABACIÓN SONORA Y EDICIÓN DE MÚSICA";"J";"INFORMACIÓN Y COMUNICACIÓN";"59";"ACTIVIDADES CINEMATOGRÁFICAS; PRODUCCIÓN DE VÍDEOS Y PROGRAMAS DE TELEVISIÓN; GRABACIÓN SONORA Y EDICIÓN DE MÚSICA";"6";"Transporte, almacenamiento y comunicaciones";"1.0"
"5900";"Actividades cinematográficas; producción de vídeos y programas de televisión; grabación sonora y edición de música";"J";"INFORMACIÓN Y COMUNICACIÓN";"59";"ACTIVIDADES CINEMATOGRÁFICAS; PRODUCCIÓN DE VÍDEOS Y PROGRAMAS DE TELEVISIÓN; GRABACIÓN SONORA Y EDICIÓN DE MÚSICA";"6";"Transporte, almacenamiento y comunicaciones";"1.0"
"60";"ACTIVIDADES DE PROGRAMACIÓN Y DIFUSIÓN DE RADIO Y TELEVISIÓN";"J";"INFORMACIÓN Y COMUNICACIÓN";"60";"ACTIVIDADES DE PROGRAMACIÓN Y DIFUSIÓN DE RADIO Y TELEVISIÓN";"6";"Transporte, almacenamiento y comunicaciones";"1.0"
"6000";"Actividades de programación y difusión de radio y televisión";"J";"INFORMACIÓN Y COMUNICACIÓN";"60";"ACTIVIDADES DE PROGRAMACIÓN Y DIFUSIÓN DE RADIO Y TELEVISIÓN";"6";"Transporte, almacenamiento y comunicaciones";"1.0"
"61";"TELECOMUNICACIONES";"J";"INFORMACIÓN Y COMUNICACIÓN";"61";"TELECOMUNICACIONES";"6";"Transporte, almacenamiento y comunicaciones";"1.0"
"6100";"Telecomunicaciones";"J";"INFORMACIÓN Y COMUNICACIÓN";"61";"TELECOMUNICACIONES";"6";"Transporte, almacenamiento y comunicaciones";"1.0"
"62";"ACTIVIDADES DE PROGRAMACIÓN Y CONSULTORÍA INFORMÁTICAS Y OTRAS ACTIVIDADES CONEXAS";"J";"INFORMACIÓN Y COMUNICACIÓN";"62";"ACTIVIDADES DE PROGRAMACIÓN Y CONSULTORÍA INFORMÁTICAS Y OTRAS ACTIVIDADES CONEXAS";"6";"Transporte, almacenamiento y comunicaciones";"1.0"
"6200";"Actividades de programación y consultoría informáticas y otras actividades conexas";"J";"INFORMACIÓN Y COMUNICACIÓN";"62";"ACTIVIDADES DE PROGRAMACIÓN Y CONSULTORÍA INFORMÁTICAS Y OTRAS ACTIVIDADES CONEXAS";"6";"Transporte, almacenamiento y comunicaciones";"1.0"
"63";"ACTIVIDADES DE SERVICIOS DE INFORMACIÓN";"J";"INFORMACIÓN Y COMUNICACIÓN";"63";"ACTIVIDADES DE SERVICIOS DE INFORMACIÓN";"6";"Transporte, almacenamiento y comunicaciones";"1.0"
"6300";"Actividades de servicios de información";"J";"INFORMACIÓN Y COMUNICACIÓN";"63";"ACTIVIDADES DE SERVICIOS DE INFORMACIÓN";"6";"Transporte, almacenamiento y comunicaciones";"1.0"
"64";"INTERMEDIACIÓN FINANCIERA Y OTROS SERVICIOS FINANCIEROS, EXCEPTO LOS DE SEGUROS Y ADMINISTRACIÓN DE FONDOS DE JUBILACIONES Y PENSIONES";"K";"ACTIVIDADES FINANCIERAS Y DE SEGUROS";"64";"INTERMEDIACIÓN FINANCIERA Y OTROS SERVICIOS FINANCIEROS, EXCEPTO LOS DE SEGUROS Y ADMINISTRACIÓN DE FONDOS DE JUBILACIONES Y PENSIONES";"7";"Servicios financieros, de alquiler y empresariales";"1.0"
"6400";"Intermediación financiera y otros servicios financieros, excepto los de seguros y administración de fondos de jubilaciones y pensiones";"K";"ACTIVIDADES FINANCIERAS Y DE SEGUROS";"64";"INTERMEDIACIÓN FINANCIERA Y OTROS SERVICIOS FINANCIEROS, EXCEPTO LOS DE SEGUROS Y ADMINISTRACIÓN DE FONDOS DE JUBILACIONES Y PENSIONES";"7";"Servicios financieros, de alquiler y empresariales";"1.0"
"65";"SEGUROS, REASEGUROS Y FONDOS DE PENSIONES, EXCEPTO LOS PLANES DE SEGURIDAD SOCIAL DE AFILIACIÓN OBLIGATORIA";"K";"ACTIVIDADES FINANCIERAS Y DE SEGUROS";"65";"SEGUROS, REASEGUROS Y FONDOS DE PENSIONES, EXCEPTO LOS PLANES DE SEGURIDAD SOCIAL DE AFILIACIÓN OBLIGATORIA";"7";"Servicios financieros, de alquiler y empresariales";"1.0"
"6500";"Seguros, reaseguros y fondos de pensiones, excepto los planes de seguridad social de afiliación obligatoria";"K";"ACTIVIDADES FINANCIERAS Y DE SEGUROS";"65";"SEGUROS, REASEGUROS Y FONDOS DE PENSIONES, EXCEPTO LOS PLANES DE SEGURIDAD SOCIAL DE AFILIACIÓN OBLIGATORIA";"7";"Servicios financieros, de alquiler y empresariales";"1.0"
"66";"ACTIVIDADES AUXILIARES A LOS SERVICIOS FINANCIEROS Y A LOS SEGUROS";"K";"ACTIVIDADES FINANCIERAS Y DE SEGUROS";"66";"ACTIVIDADES AUXILIARES A LOS SERVICIOS FINANCIEROS Y A LOS SEGUROS";"7";"Servicios financieros, de alquiler y empresariales";"1.0"
"6600";"Actividades auxiliares a los servicios financieros y a los seguros";"K";"ACTIVIDADES FINANCIERAS Y DE SEGUROS";"66";"ACTIVIDADES AUXILIARES A LOS SERVICIOS FINANCIEROS Y A LOS SEGUROS";"7";"Servicios financieros, de alquiler y empresariales";"1.0"
"68";"ACTIVIDADES INMOBILIARIAS";"L";"ACTIVIDADES INMOBILIARIAS";"68";"ACTIVIDADES INMOBILIARIAS";"7";"Servicios financieros, de alquiler y empresariales";"1.0"
"6800";"Actividades inmobiliarias";"L";"ACTIVIDADES INMOBILIARIAS";"68";"ACTIVIDADES INMOBILIARIAS";"7";"Servicios financieros, de alquiler y empresariales";"1.0"
"69";"ACTIVIDADES JURÍDICAS Y DE CONTABILIDAD";"M";"ACTIVIDADES PROFESIONALES, CIENTÍFICAS Y TÉCNICAS";"69";"ACTIVIDADES JURÍDICAS Y DE CONTABILIDAD";"7";"Servicios financieros, de alquiler y empresariales";"1.0"
"6900";"Actividades jurídicas y de contabilidad";"M";"ACTIVIDADES PROFESIONALES, CIENTÍFICAS Y TÉCNICAS";"69";"ACTIVIDADES JURÍDICAS Y DE CONTABILIDAD";"7";"Servicios financieros, de alquiler y empresariales";"1.0"
"70";"ACTIVIDADES DE SERVICIO DE CONSULTORÍA EN GESTIÓN EMPRESARIAL";"M";"ACTIVIDADES PROFESIONALES, CIENTÍFICAS Y TÉCNICAS";"70";"ACTIVIDADES DE SERVICIO DE CONSULTORÍA EN GESTIÓN EMPRESARIAL";"7";"Servicios financieros, de alquiler y empresariales";"1.0"
"7000";"Actividades de servicio de consultoría en gestión empresarial";"M";"ACTIVIDADES PROFESIONALES, CIENTÍFICAS Y TÉCNICAS";"70";"ACTIVIDADES DE SERVICIO DE CONSULTORÍA EN GESTIÓN EMPRESARIAL";"7";"Servicios financieros, de alquiler y empresariales";"1.0"
"71";"SERVICIOS DE ARQUITECTURA E INGENIERÍA; ENSAYOS Y ANÁLISIS TÉCNICOS";"M";"ACTIVIDADES PROFESIONALES, CIENTÍFICAS Y TÉCNICAS";"71";"SERVICIOS DE ARQUITECTURA E INGENIERÍA; ENSAYOS Y ANÁLISIS TÉCNICOS";"7";"Servicios financieros, de alquiler y empresariales";"1.0"
"7100";"Servicios de arquitectura e ingeniería; ensayos y análisis técnicos";"M";"ACTIVIDADES PROFESIONALES, CIENTÍFICAS Y TÉCNICAS";"71";"SERVICIOS DE ARQUITECTURA E INGENIERÍA; ENSAYOS Y ANÁLISIS TÉCNICOS";"7";"Servicios financieros, de alquiler y empresariales";"1.0"
"72";"INVESTIGACIÓN Y DESARROLLO";"M";"ACTIVIDADES PROFESIONALES, CIENTÍFICAS Y TÉCNICAS";"72";"INVESTIGACIÓN Y DESARROLLO";"7";"Servicios financieros, de alquiler y empresariales";"1.0"
"7200";"Investigación y desarrollo";"M";"ACTIVIDADES PROFESIONALES, CIENTÍFICAS Y TÉCNICAS";"72";"INVESTIGACIÓN Y DESARROLLO";"7";"Servicios financieros, de alquiler y empresariales";"1.0"
"73";"PUBLICIDAD E INVESTIGACIÓN DE MERCADOS";"M";"ACTIVIDADES PROFESIONALES, CIENTÍFICAS Y TÉCNICAS";"73";"PUBLICIDAD E INVESTIGACIÓN DE MERCADOS";"7";"Servicios financieros, de alquiler y empresariales";"1.0"
"7301";"Actividades publicitarias";"M";"ACTIVIDADES PROFESIONALES, CIENTÍFICAS Y TÉCNICAS";"73";"PUBLICIDAD E INVESTIGACIÓN DE MERCADOS";"7";"Servicios financieros, de alquiler y empresariales";"1.0"
"7302";"Investigación de mercados y encuestas de opinión pública";"M";"ACTIVIDADES PROFESIONALES, CIENTÍFICAS Y TÉCNICAS";"73";"PUBLICIDAD E INVESTIGACIÓN DE MERCADOS";"7";"Servicios financieros, de alquiler y empresariales";"1.0"
"74";"OTRAS ACTIVIDADES PROFESIONALES, CIENTÍFICAS Y TÉCNICAS";"M";"ACTIVIDADES PROFESIONALES, CIENTÍFICAS Y TÉCNICAS";"74";"OTRAS ACTIVIDADES PROFESIONALES, CIENTÍFICAS Y TÉCNICAS";"7";"Servicios financieros, de alquiler y empresariales";"1.0"
"7400";"Otras actividades profesionales, científicas y técnicas";"M";"ACTIVIDADES PROFESIONALES, CIENTÍFICAS Y TÉCNICAS";"74";"OTRAS ACTIVIDADES PROFESIONALES, CIENTÍFICAS Y TÉCNICAS";"7";"Servicios financieros, de alquiler y empresariales";"1.0"
"75";"ACTIVIDADES VETERINARIAS";"M";"ACTIVIDADES PROFESIONALES, CIENTÍFICAS Y TÉCNICAS";"75";"ACTIVIDADES VETERINARIAS";"7";"Servicios financieros, de alquiler y empresariales";"1.0"
"7500";"Actividades veterinarias";"M";"ACTIVIDADES PROFESIONALES, CIENTÍFICAS Y TÉCNICAS";"75";"ACTIVIDADES VETERINARIAS";"7";"Servicios financieros, de alquiler y empresariales";"1.0"
"77";"ACTIVIDADES DE ALQUILER Y ARRENDAMIENTO, EXCEPTO INMUEBLES, Y GESTIÓN DE LOS ACTIVOS INTANGIBLES NO FINANCIEROS";"N";"ACTIVIDADES ADMINISTRATIVAS Y SERVICIOS DE APOYO";"77";"ACTIVIDADES DE ALQUILER Y ARRENDAMIENTO, EXCEPTO INMUEBLES, Y GESTIÓN DE LOS ACTIVOS INTANGIBLES NO FINANCIEROS";"7";"Servicios financieros, de alquiler y empresariales";"1.0"
"7701";"Alquiler de efectos personales y domésticos";"N";"ACTIVIDADES ADMINISTRATIVAS Y SERVICIOS DE APOYO";"77";"ACTIVIDADES DE ALQUILER Y ARRENDAMIENTO, EXCEPTO INMUEBLES, Y GESTIÓN DE LOS ACTIVOS INTANGIBLES NO FINANCIEROS";"7";"Servicios financieros, de alquiler y empresariales";"1.0"
"7702";"Alquiler de vehículos de transporte; de maquinaria y equipo sin operador y gestión de activos intangibles no financieros";"N";"ACTIVIDADES ADMINISTRATIVAS Y SERVICIOS DE APOYO";"77";"ACTIVIDADES DE ALQUILER Y ARRENDAMIENTO, EXCEPTO INMUEBLES, Y GESTIÓN DE LOS ACTIVOS INTANGIBLES NO FINANCIEROS";"7";"Servicios financieros, de alquiler y empresariales";"1.0"
"78";"ACTIVIDADES RELACIONADAS CON EL SUMINISTRO DE EMPLEO";"N";"ACTIVIDADES ADMINISTRATIVAS Y SERVICIOS DE APOYO";"78";"ACTIVIDADES RELACIONADAS CON EL SUMINISTRO DE EMPLEO";"7";"Servicios financieros, de alquiler y empresariales";"1.0"
"7800";"Actividades relacionadas con el suministro de empleo";"N";"ACTIVIDADES ADMINISTRATIVAS Y SERVICIOS DE APOYO";"78";"ACTIVIDADES RELACIONADAS CON EL SUMINISTRO DE EMPLEO";"7";"Servicios financieros, de alquiler y empresariales";"1.0"
"79";"AGENCIAS DE VIAJES, OPERADORES TURÍSTICOS Y ACTIVIDADES CONEXAS";"N";"ACTIVIDADES ADMINISTRATIVAS Y SERVICIOS DE APOYO";"79";"AGENCIAS DE VIAJES, OPERADORES TURÍSTICOS Y ACTIVIDADES CONEXAS";"7";"Servicios financieros, de alquiler y empresariales";"1.0"
"7900";"Agencias de viajes, operadores turísticos y actividades conexas";"N";"ACTIVIDADES ADMINISTRATIVAS Y SERVICIOS DE APOYO";"79";"AGENCIAS DE VIAJES, OPERADORES TURÍSTICOS Y ACTIVIDADES CONEXAS";"7";"Servicios financieros, de alquiler y empresariales";"1.0"
"80";"ACTIVIDADES DE INVESTIGACIÓN Y SEGURIDAD";"N";"ACTIVIDADES ADMINISTRATIVAS Y SERVICIOS DE APOYO";"80";"ACTIVIDADES DE INVESTIGACIÓN Y SEGURIDAD";"7";"Servicios financieros, de alquiler y empresariales";"1.0"
"8000";"Actividades de investigación y seguridad";"N";"ACTIVIDADES ADMINISTRATIVAS Y SERVICIOS DE APOYO";"80";"ACTIVIDADES DE INVESTIGACIÓN Y SEGURIDAD";"7";"Servicios financieros, de alquiler y empresariales";"1.0"
"81";"SERVICIOS DE APOYO A EDIFICIOS Y ACTIVIDADES DE LIMPIEZA EN GENERAL; SERVICIOS DE PAISAJISMO Y JARDINERÍA";"N";"ACTIVIDADES ADMINISTRATIVAS Y SERVICIOS DE APOYO";"81";"SERVICIOS DE APOYO A EDIFICIOS Y ACTIVIDADES DE LIMPIEZA EN GENERAL; SERVICIOS DE PAISAJISMO Y JARDINERÍA";"7";"Servicios financieros, de alquiler y empresariales";"1.0"
"8101";"Servicios de apoyo a edificios y actividades de limpieza en general";"N";"ACTIVIDADES ADMINISTRATIVAS Y SERVICIOS DE APOYO";"81";"SERVICIOS DE APOYO A EDIFICIOS Y ACTIVIDADES DE LIMPIEZA EN GENERAL; SERVICIOS DE PAISAJISMO Y JARDINERÍA";"7";"Servicios financieros, de alquiler y empresariales";"1.0"
"8102";"Servicios de paisajismo y jardinería";"N";"ACTIVIDADES ADMINISTRATIVAS Y SERVICIOS DE APOYO";"81";"SERVICIOS DE APOYO A EDIFICIOS Y ACTIVIDADES DE LIMPIEZA EN GENERAL; SERVICIOS DE PAISAJISMO Y JARDINERÍA";"7";"Servicios financieros, de alquiler y empresariales";"1.0"
"82";"ACTIVIDADES ADMINISTRATIVAS DE OFICINAS Y OTRAS ACTIVIDADES AUXILIARES DE LAS EMPRESAS";"N";"ACTIVIDADES ADMINISTRATIVAS Y SERVICIOS DE APOYO";"82";"ACTIVIDADES ADMINISTRATIVAS DE OFICINAS Y OTRAS ACTIVIDADES AUXILIARES DE LAS EMPRESAS";"7";"Servicios financieros, de alquiler y empresariales";"1.0"
"8200";"Actividades administrativas de oficinas y otras actividades auxiliares de las empresas";"N";"ACTIVIDADES ADMINISTRATIVAS Y SERVICIOS DE APOYO";"82";"ACTIVIDADES ADMINISTRATIVAS DE OFICINAS Y OTRAS ACTIVIDADES AUXILIARES DE LAS EMPRESAS";"7";"Servicios financieros, de alquiler y empresariales";"1.0"
"84";"ADMINISTRACIÓN PÚBLICA Y DEFENSA; PLANES DE SEGURO SOCIAL OBLIGATORIO";"O";"ADMINISTRACIÓN PÚBLICA Y DEFENSA; PLANES DE SEGURO SOCIAL OBLIGATORIO";"84";"ADMINISTRACIÓN PÚBLICA Y DEFENSA; PLANES DE SEGURO SOCIAL OBLIGATORIO";"8";"Administracion publica, defensa y seguridad social";"1.0"
"8401";"Servicios de la administración pública y prestación pública de servicios a la comunidad";"O";"ADMINISTRACIÓN PÚBLICA Y DEFENSA; PLANES DE SEGURO SOCIAL OBLIGATORIO";"84";"ADMINISTRACIÓN PÚBLICA Y DEFENSA; PLANES DE SEGURO SOCIAL OBLIGATORIO";"8";"Administracion publica, defensa y seguridad social";"1.0"
"8402";"Servicios de la seguridad social obligatoria";"O";"ADMINISTRACIÓN PÚBLICA Y DEFENSA; PLANES DE SEGURO SOCIAL OBLIGATORIO";"84";"ADMINISTRACIÓN PÚBLICA Y DEFENSA; PLANES DE SEGURO SOCIAL OBLIGATORIO";"8";"Administracion publica, defensa y seguridad social";"1.0"
"85";"ENSEÑANZA";"P";"ENSEÑANZA";"85";"ENSEÑANZA";"9";"Ensenanza";"1.0"
"8501";"Enseñanza inicial y primaria, secundaria, terciaria, universitaria y de postgrado";"P";"ENSEÑANZA";"85";"ENSEÑANZA";"9";"Ensenanza";"1.0"
"8509";"Otros tipos de enseñanza n.c.p., y servicios de apoyo";"P";"ENSEÑANZA";"85";"ENSEÑANZA";"9";"Ensenanza";"1.0"
"86";"ACTIVIDADES DE ATENCIÓN A LA SALUD HUMANA";"Q";"SALUD HUMANA Y SERVICIOS SOCIALES";"86";"ACTIVIDADES DE ATENCIÓN A LA SALUD HUMANA";"10";"Servicios sociales y de salud";"1.0"
"8600";"Actividades de atención a la salud humana";"Q";"SALUD HUMANA Y SERVICIOS SOCIALES";"86";"ACTIVIDADES DE ATENCIÓN A LA SALUD HUMANA";"10";"Servicios sociales y de salud";"1.0"
"87";"ASISTENCIA SOCIAL RELACIONADA CON LA ATENCIÓN A LA SALUD";"Q";"SALUD HUMANA Y SERVICIOS SOCIALES";"87";"ASISTENCIA SOCIAL RELACIONADA CON LA ATENCIÓN A LA SALUD";"10";"Servicios sociales y de salud";"1.0"
"8700";"Asistencia social relacionada con la atención a la salud";"Q";"SALUD HUMANA Y SERVICIOS SOCIALES";"87";"ASISTENCIA SOCIAL RELACIONADA CON LA ATENCIÓN A LA SALUD";"10";"Servicios sociales y de salud";"1.0"
"88";"SERVICIOS SOCIALES SIN ALOJAMIENTO";"Q";"SALUD HUMANA Y SERVICIOS SOCIALES";"88";"SERVICIOS SOCIALES SIN ALOJAMIENTO";"10";"Servicios sociales y de salud";"1.0"
"8800";"Servicios sociales sin alojamiento";"Q";"SALUD HUMANA Y SERVICIOS SOCIALES";"88";"SERVICIOS SOCIALES SIN ALOJAMIENTO";"10";"Servicios sociales y de salud";"1.0"
"90";"ACTIVIDADES ARTÍSTICAS Y DE ESPECTÁCULOS";"R";"ARTES, ENTRETENIMIENTO Y RECREACIÓN";"90";"ACTIVIDADES ARTÍSTICAS Y DE ESPECTÁCULOS";"12";"Otros servicios comunitarios, sociales y personales";"1.0"
"9000";"Actividades artísticas y de espectáculos";"R";"ARTES, ENTRETENIMIENTO Y RECREACIÓN";"90";"ACTIVIDADES ARTÍSTICAS Y DE ESPECTÁCULOS";"12";"Otros servicios comunitarios, sociales y personales";"1.0"
"91";"ACTIVIDADES DE BIBLIOTECAS, ARCHIVOS, MUSEOS Y OTRAS ACTIVIDADES CULTURALES";"R";"ARTES, ENTRETENIMIENTO Y RECREACIÓN";"91";"ACTIVIDADES DE BIBLIOTECAS, ARCHIVOS, MUSEOS Y OTRAS ACTIVIDADES CULTURALES";"12";"Otros servicios comunitarios, sociales y personales";"1.0"
"9100";"Actividades de bibliotecas, archivos, museos y otras actividades culturales";"R";"ARTES, ENTRETENIMIENTO Y RECREACIÓN";"91";"ACTIVIDADES DE BIBLIOTECAS, ARCHIVOS, MUSEOS Y OTRAS ACTIVIDADES CULTURALES";"12";"Otros servicios comunitarios, sociales y personales";"1.0"
"92";"ACTIVIDADES DE JUEGOS DE AZAR Y APUESTAS";"R";"ARTES, ENTRETENIMIENTO Y RECREACIÓN";"92";"ACTIVIDADES DE JUEGOS DE AZAR Y APUESTAS";"12";"Otros servicios comunitarios, sociales y personales";"1.0"
"9200";"Actividades de juegos de azar y apuestas";"R";"ARTES, ENTRETENIMIENTO Y RECREACIÓN";"92";"ACTIVIDADES DE JUEGOS DE AZAR Y APUESTAS";"12";"Otros servicios comunitarios, sociales y personales";"1.0"
"93";"ACTIVIDADES DEPORTIVAS Y DE ENTRETENIMIENTO";"R";"ARTES, ENTRETENIMIENTO Y RECREACIÓN";"93";"ACTIVIDADES DEPORTIVAS Y DE ENTRETENIMIENTO";"12";"Otros servicios comunitarios, sociales y personales";"1.0"
"9301";"Actividades para la práctica deportiva";"R";"ARTES, ENTRETENIMIENTO Y RECREACIÓN";"93";"ACTIVIDADES DEPORTIVAS Y DE ENTRETENIMIENTO";"12";"Otros servicios comunitarios, sociales y personales";"1.0"
"9302";"Actividades de entretenimiento n.c.p.";"R";"ARTES, ENTRETENIMIENTO Y RECREACIÓN";"93";"ACTIVIDADES DEPORTIVAS Y DE ENTRETENIMIENTO";"12";"Otros servicios comunitarios, sociales y personales";"1.0"
"94";"ACTIVIDADES DE ASOCIACIONES";"S";"OTRAS ACTIVIDADES DE SERVICIOS";"94";"ACTIVIDADES DE ASOCIACIONES";"12";"Otros servicios comunitarios, sociales y personales";"1.0"
"9401";"Actividades de organizaciones empresariales, profesionales y de empleadores";"S";"OTRAS ACTIVIDADES DE SERVICIOS";"94";"ACTIVIDADES DE ASOCIACIONES";"12";"Otros servicios comunitarios, sociales y personales";"1.0"
"9402";"Actividades de sindicatos";"S";"OTRAS ACTIVIDADES DE SERVICIOS";"94";"ACTIVIDADES DE ASOCIACIONES";"12";"Otros servicios comunitarios, sociales y personales";"1.0"
"9409";"Actividades de asociaciones n.c.p.";"S";"OTRAS ACTIVIDADES DE SERVICIOS";"94";"ACTIVIDADES DE ASOCIACIONES";"12";"Otros servicios comunitarios, sociales y personales";"1.0"
"95";"REPARACIÓN DE EQUIPOS INFORMÁTICOS Y DE COMUNICACIÓN; EFECTOS DE USO PERSONAL Y DOMÉSTICO";"S";"OTRAS ACTIVIDADES DE SERVICIOS";"95";"REPARACIÓN DE EQUIPOS INFORMÁTICOS Y DE COMUNICACIÓN; EFECTOS DE USO PERSONAL Y DOMÉSTICO";"12";"Otros servicios comunitarios, sociales y personales";"1.0"
"9501";"Reparación de equipos informáticos";"S";"OTRAS ACTIVIDADES DE SERVICIOS";"95";"REPARACIÓN DE EQUIPOS INFORMÁTICOS Y DE COMUNICACIÓN; EFECTOS DE USO PERSONAL Y DOMÉSTICO";"12";"Otros servicios comunitarios, sociales y personales";"1.0"
"9502";"Reparación de equipos de comunicación";"S";"OTRAS ACTIVIDADES DE SERVICIOS";"95";"REPARACIÓN DE EQUIPOS INFORMÁTICOS Y DE COMUNICACIÓN; EFECTOS DE USO PERSONAL Y DOMÉSTICO";"12";"Otros servicios comunitarios, sociales y personales";"1.0"
"9503";"Reparación de efectos de uso personal y doméstico";"S";"OTRAS ACTIVIDADES DE SERVICIOS";"95";"REPARACIÓN DE EQUIPOS INFORMÁTICOS Y DE COMUNICACIÓN; EFECTOS DE USO PERSONAL Y DOMÉSTICO";"12";"Otros servicios comunitarios, sociales y personales";"1.0"
"96";"OTRAS ACTIVIDADES DE SERVICIOS PERSONALES";"S";"OTRAS ACTIVIDADES DE SERVICIOS";"96";"OTRAS ACTIVIDADES DE SERVICIOS PERSONALES";"12";"Otros servicios comunitarios, sociales y personales";"1.0"
"9601";"Lavado y limpieza de artículos de tela, cuero y/o de piel, incluso limpieza en seco";"S";"OTRAS ACTIVIDADES DE SERVICIOS";"96";"OTRAS ACTIVIDADES DE SERVICIOS PERSONALES";"12";"Otros servicios comunitarios, sociales y personales";"1.0"
"9602";"Servicios de peluquería y tratamientos de belleza";"S";"OTRAS ACTIVIDADES DE SERVICIOS";"96";"OTRAS ACTIVIDADES DE SERVICIOS PERSONALES";"12";"Otros servicios comunitarios, sociales y personales";"1.0"
"9603";"Pompas fúnebres y servicios conexos";"S";"OTRAS ACTIVIDADES DE SERVICIOS";"96";"OTRAS ACTIVIDADES DE SERVICIOS PERSONALES";"12";"Otros servicios comunitarios, sociales y personales";"1.0"
"9609";"Servicios personales n.c.p.";"S";"OTRAS ACTIVIDADES DE SERVICIOS";"96";"OTRAS ACTIVIDADES DE SERVICIOS PERSONALES";"12";"Otros servicios comunitarios, sociales y personales";"1.0"
"97";"ACTIVIDADES DE LOS HOGARES COMO EMPLEADORES DE PERSONAL DOMÉSTICO";"T";"ACTIVIDADES DE LOS HOGARES COMO EMPLEADORES DE PERSONAL DOMÉSTICO; ACTIVIDADES DE LOS HOGARES COMO PRODUCTORES DE BIENES O SERVICIOS PARA USO PROPIO";"97";"ACTIVIDADES DE LOS HOGARES COMO EMPLEADORES DE PERSONAL DOMÉSTICO";"11";"Servicio domestico";"1.0"
"9700";"Actividades de los hogares como empleadores de personal doméstico";"T";"ACTIVIDADES DE LOS HOGARES COMO EMPLEADORES DE PERSONAL DOMÉSTICO; ACTIVIDADES DE LOS HOGARES COMO PRODUCTORES DE BIENES O SERVICIOS PARA USO PROPIO";"97";"ACTIVIDADES DE LOS HOGARES COMO EMPLEADORES DE PERSONAL DOMÉSTICO";"11";"Servicio domestico";"1.0"
"98";"ACTIVIDADES DE LOS HOGARES COMO PRODUCTORES DE BIENES O SERVICIOS PARA USO PROPIO";"T";"ACTIVIDADES DE LOS HOGARES COMO EMPLEADORES DE PERSONAL DOMÉSTICO; ACTIVIDADES DE LOS HOGARES COMO PRODUCTORES DE BIENES O SERVICIOS PARA USO PROPIO";"98";"ACTIVIDADES DE LOS HOGARES COMO PRODUCTORES DE BIENES O SERVICIOS PARA USO PROPIO";"11";"Servicio domestico";"1.0"
"9800";"Actividades de los hogares como productores de bienes o servicios para uso propio";"T";"ACTIVIDADES DE LOS HOGARES COMO EMPLEADORES DE PERSONAL DOMÉSTICO; ACTIVIDADES DE LOS HOGARES COMO PRODUCTORES DE BIENES O SERVICIOS PARA USO PROPIO";"98";"ACTIVIDADES DE LOS HOGARES COMO PRODUCTORES DE BIENES O SERVICIOS PARA USO PROPIO";"11";"Servicio domestico";"1.0"
"99";"ACTIVIDADES DE ORGANIZACIONES Y ORGANISMOS EXTRATERRITORIALES";"U";"ACTIVIDADES DE ORGANIZACIONES Y ORGANISMOS EXTRATERRITORIALES";"99";"ACTIVIDADES DE ORGANIZACIONES Y ORGANISMOS EXTRATERRITORIALES";"13";"Otras ramas";"1.0"
"9900";"Actividades de organizaciones y organismos extraterritoriales";"U";"ACTIVIDADES DE ORGANIZACIONES Y ORGANISMOS EXTRATERRITORIALES";"99";"ACTIVIDADES DE ORGANIZACIONES Y ORGANISMOS EXTRATERRITORIALES";"13";"Otras ramas";"1.0"
"9999";"Descripción de Actividad Vacía / Actividad no Especificada claramente.";"Z";"ACTIVIDAD NO ESPECIFICADA CLARAMENTE";"99";"ACTIVIDADES DE ORGANIZACIONES Y ORGANISMOS EXTRATERRITORIALES";"14";"Actividades no bien especificadas";"1.0"
"01";"AGRICULTURA, GANADERIA, CAZA Y SERVICIOS CONEXOS";"A";"AGRICULTURA, GANADERIA, CAZA Y SILVICULTURA";"01";"AGRICULTURA, GANADERIA, CAZA Y SERVICIOS CONEXOS";NA;NA;"0"
"0101";"Cultivos agrícolas";"A";"AGRICULTURA, GANADERIA, CAZA Y SILVICULTURA";"01";"AGRICULTURA, GANADERIA, CAZA Y SERVICIOS CONEXOS";NA;NA;"0"
"0102";"Cría de animales";"A";"AGRICULTURA, GANADERIA, CAZA Y SILVICULTURA";"01";"AGRICULTURA, GANADERIA, CAZA Y SERVICIOS CONEXOS";NA;NA;"0"
"0103";"Cultivo de productos agrícolas en combinación con la cría de animales";"A";"AGRICULTURA, GANADERIA, CAZA Y SILVICULTURA";"01";"AGRICULTURA, GANADERIA, CAZA Y SERVICIOS CONEXOS";NA;NA;"0"
"0104";"Servicios agrícolas y pecuarios, excepto los veterinarios";"A";"AGRICULTURA, GANADERIA, CAZA Y SILVICULTURA";"01";"AGRICULTURA, GANADERIA, CAZA Y SERVICIOS CONEXOS";NA;NA;"0"
"0105";"Caza y captura de animales vivos, repoblación de animales de caza y servicios conexos";"A";"AGRICULTURA, GANADERIA, CAZA Y SILVICULTURA";"01";"AGRICULTURA, GANADERIA, CAZA Y SERVICIOS CONEXOS";NA;NA;"0"
"02";"SILVICULTURA, EXTRACCION DE MADERA Y SERVICIOS CONEXOS";"A";"AGRICULTURA, GANADERIA, CAZA Y SILVICULTURA";"02";"SILVICULTURA, EXTRACCION DE MADERA Y SERVICIOS CONEXOS";NA;NA;"0"
"0200";"Silvicultura, extracción de madera y servicios conexos";"A";"AGRICULTURA, GANADERIA, CAZA Y SILVICULTURA";"02";"SILVICULTURA, EXTRACCION DE MADERA Y SERVICIOS CONEXOS";NA;NA;"0"
"05";"PESCA, EXPLOTACION DE CRIADEROS DE PECES, GRANJAS PISCICOLAS Y SERVICIOS CONEXOS";"B";"PESCA Y SERVICIOS CONEXOS";"05";"PESCA, EXPLOTACION DE CRIADEROS DE PECES, GRANJAS PISCICOLAS Y SERVICIOS CONEXOS";NA;NA;"0"
"0500";"Pesca, explotación de criaderos de peces, granjas piscícolas servicios conexos";"B";"PESCA Y SERVICIOS CONEXOS";"05";"PESCA, EXPLOTACION DE CRIADEROS DE PECES, GRANJAS PISCICOLAS Y SERVICIOS CONEXOS";NA;NA;"0"
"10";"EXTRACCION DE CARBON Y LIGNITO; EXTRACCION DE TURBA";"C";"EXPLOTACION DE MINAS Y CANTERAS";"10";"EXTRACCION DE CARBON Y LIGNITO; EXTRACCION DE TURBA";NA;NA;"0"
"1000";"Extracción de carbón y lignito; extracción de turba";"C";"EXPLOTACION DE MINAS Y CANTERAS";"10";"EXTRACCION DE CARBON Y LIGNITO; EXTRACCION DE TURBA";NA;NA;"0"
"11";"EXTRACCION DE PETROLEO CRUDO Y GAS NATURAL; ACTIVIDADES DE SERVICIOS RELACIONADAS CON LA EXTRACCION DE PETROLEO Y GAS, EXCEPTO LAS ACTIVIDADES DE PROSPECCION";"C";"EXPLOTACION DE MINAS Y CANTERAS";"11";"EXTRACCION DE PETROLEO CRUDO Y GAS NATURAL; ACTIVIDADES DE SERVICIOS RELACIONADAS CON LA EXTRACCION DE PETROLEO Y GAS, EXCEPTO LAS ACTIVIDADES DE PROSPECCION";NA;NA;"0"
"1100";"Extracción de petróleo crudo y gas natural; Actividades de servicios relacionadas con la extracción de petróleo y gas, excepto las actividades de prospección";"C";"EXPLOTACION DE MINAS Y CANTERAS";"11";"EXTRACCION DE PETROLEO CRUDO Y GAS NATURAL; ACTIVIDADES DE SERVICIOS RELACIONADAS CON LA EXTRACCION DE PETROLEO Y GAS, EXCEPTO LAS ACTIVIDADES DE PROSPECCION";NA;NA;"0"
"12";"EXTRACCION DE MINERALES DE URANIO Y TORIO";"C";"EXPLOTACION DE MINAS Y CANTERAS";"12";"EXTRACCION DE MINERALES DE URANIO Y TORIO";NA;NA;"0"
"1200";"Extracción de minerales de uranio y torio";"C";"EXPLOTACION DE MINAS Y CANTERAS";"12";"EXTRACCION DE MINERALES DE URANIO Y TORIO";NA;NA;"0"
"13";"EXTRACCION DE MINERALES METALIFEROS";"C";"EXPLOTACION DE MINAS Y CANTERAS";"13";"EXTRACCION DE MINERALES METALIFEROS";NA;NA;"0"
"1300";"Extracción de minerales metalíferos";"C";"EXPLOTACION DE MINAS Y CANTERAS";"13";"EXTRACCION DE MINERALES METALIFEROS";NA;NA;"0"
"14";"EXPLOTACION DE MINAS Y CANTERAS N.C.P.";"C";"EXPLOTACION DE MINAS Y CANTERAS";"14";"EXPLOTACION DE MINAS Y CANTERAS N.C.P.";NA;NA;"0"
"1400";"Explotación de minas y canteras n.c.p.";"C";"EXPLOTACION DE MINAS Y CANTERAS";"14";"EXPLOTACION DE MINAS Y CANTERAS N.C.P.";NA;NA;"0"
"15";"ELABORACION DE PRODUCTOS ALIMENTICIOS Y BEBIDAS";"D";"INDUSTRIA MANUFACTURERA";"15";"ELABORACION DE PRODUCTOS ALIMENTICIOS Y BEBIDAS";NA;NA;"0"
"1501";"Producción y procesamiento de carne y pescado";"D";"INDUSTRIA MANUFACTURERA";"15";"ELABORACION DE PRODUCTOS ALIMENTICIOS Y BEBIDAS";NA;NA;"0"
"1502";"Preparación de frutas, hortalizas y legumbres; aceites y grasas";"D";"INDUSTRIA MANUFACTURERA";"15";"ELABORACION DE PRODUCTOS ALIMENTICIOS Y BEBIDAS";NA;NA;"0"
"1503";"Elaboración de productos lácteos";"D";"INDUSTRIA MANUFACTURERA";"15";"ELABORACION DE PRODUCTOS ALIMENTICIOS Y BEBIDAS";NA;NA;"0"
"1504";"Elaboración de productos alimenticios n.c.p.";"D";"INDUSTRIA MANUFACTURERA";"15";"ELABORACION DE PRODUCTOS ALIMENTICIOS Y BEBIDAS";NA;NA;"0"
"1505";"Elaboración de bebidas";"D";"INDUSTRIA MANUFACTURERA";"15";"ELABORACION DE PRODUCTOS ALIMENTICIOS Y BEBIDAS";NA;NA;"0"
"16";"ELABORACION DE PRODUCTOS DE TABACO";"D";"INDUSTRIA MANUFACTURERA";"16";"ELABORACION DE PRODUCTOS DE TABACO";NA;NA;"0"
"1600";"Elaboración de productos de tabaco";"D";"INDUSTRIA MANUFACTURERA";"16";"ELABORACION DE PRODUCTOS DE TABACO";NA;NA;"0"
"17";"FABRICACION DE PRODUCTOS TEXTILES";"D";"INDUSTRIA MANUFACTURERA";"17";"FABRICACION DE PRODUCTOS TEXTILES";NA;NA;"0"
"1700";"Fabricación de productos textiles";"D";"INDUSTRIA MANUFACTURERA";"17";"FABRICACION DE PRODUCTOS TEXTILES";NA;NA;"0"
"18";"FABRICACION DE PRENDAS DE VESTIR; TERMINACION Y TEÑIDO DE PIELES";"D";"INDUSTRIA MANUFACTURERA";"18";"FABRICACION DE PRENDAS DE VESTIR; TERMINACION Y TEÑIDO DE PIELES";NA;NA;"0"
"1800";"Fabricación de prendas de vestir; terminación y teñido de pieles";"D";"INDUSTRIA MANUFACTURERA";"18";"FABRICACION DE PRENDAS DE VESTIR; TERMINACION Y TEÑIDO DE PIELES";NA;NA;"0"
"19";"CURTIDO Y TERMINACION DE CUEROS; FABRICACION DE ARTICULOS DE MARROQUINERIA, TALABARTERIA Y CALZADO Y DE SUS PARTES";"D";"INDUSTRIA MANUFACTURERA";"19";"CURTIDO Y TERMINACION DE CUEROS; FABRICACION DE ARTICULOS DE MARROQUINERIA, TALABARTERIA Y CALZADO Y DE SUS PARTES";NA;NA;"0"
"1901";"Curtido y terminación de cueros; fabricación de artículos de marroquinería y talabartería";"D";"INDUSTRIA MANUFACTURERA";"19";"CURTIDO Y TERMINACION DE CUEROS; FABRICACION DE ARTICULOS DE MARROQUINERIA, TALABARTERIA Y CALZADO Y DE SUS PARTES";NA;NA;"0"
"1902";"Fabricación de calzado y de sus partes";"D";"INDUSTRIA MANUFACTURERA";"19";"CURTIDO Y TERMINACION DE CUEROS; FABRICACION DE ARTICULOS DE MARROQUINERIA, TALABARTERIA Y CALZADO Y DE SUS PARTES";NA;NA;"0"
"20";"PRODUCCION DE MADERA Y FABRICACION DE PRODUCTOS DE MADERA Y CORCHO, EXCEPTO MUEBLES; FABRICACION DE ARTICULOS DE PAJA Y DE MATERIALES TRENZABLES";"D";"INDUSTRIA MANUFACTURERA";"20";"PRODUCCION DE MADERA Y FABRICACION DE PRODUCTOS DE MADERA Y CORCHO, EXCEPTO MUEBLES; FABRICACION DE ARTICULOS DE PAJA Y DE MATERIALES TRENZABLES";NA;NA;"0"
"2000";"Producción de madera y fabricación de productos de madera y corcho, excepto muebles; fabricación de artículos de paja y de materiales trenzables";"D";"INDUSTRIA MANUFACTURERA";"20";"PRODUCCION DE MADERA Y FABRICACION DE PRODUCTOS DE MADERA Y CORCHO, EXCEPTO MUEBLES; FABRICACION DE ARTICULOS DE PAJA Y DE MATERIALES TRENZABLES";NA;NA;"0"
"21";"FABRICACION DE PAPEL Y DE PRODUCTOS DE PAPEL";"D";"INDUSTRIA MANUFACTURERA";"21";"FABRICACION DE PAPEL Y DE PRODUCTOS DE PAPEL";NA;NA;"0"
"2100";"Fabricación de papel y de productos de papel";"D";"INDUSTRIA MANUFACTURERA";"21";"FABRICACION DE PAPEL Y DE PRODUCTOS DE PAPEL";NA;NA;"0"
"22";"EDICION E IMPRESION; REPRODUCCION DE GRABACIONES";"D";"INDUSTRIA MANUFACTURERA";"22";"EDICION E IMPRESION; REPRODUCCION DE GRABACIONES";NA;NA;"0"
"2200";"Edición e impresión; reproducción de grabaciones";"D";"INDUSTRIA MANUFACTURERA";"22";"EDICION E IMPRESION; REPRODUCCION DE GRABACIONES";NA;NA;"0"
"23";"FABRICACION DE COQUE, PRODUCTOS DE LA REFINACION DEL PETROLEO Y COMBUSTIBLE NUCLEAR";"D";"INDUSTRIA MANUFACTURERA";"23";"FABRICACION DE COQUE, PRODUCTOS DE LA REFINACION DEL PETROLEO Y COMBUSTIBLE NUCLEAR";NA;NA;"0"
"2301";"Fabricación de productos de hornos de coque";"D";"INDUSTRIA MANUFACTURERA";"23";"FABRICACION DE COQUE, PRODUCTOS DE LA REFINACION DEL PETROLEO Y COMBUSTIBLE NUCLEAR";NA;NA;"0"
"2302";"Fabricación de productos de la refinación del petróleo";"D";"INDUSTRIA MANUFACTURERA";"23";"FABRICACION DE COQUE, PRODUCTOS DE LA REFINACION DEL PETROLEO Y COMBUSTIBLE NUCLEAR";NA;NA;"0"
"2303";"Elaboración de combustible nuclear";"D";"INDUSTRIA MANUFACTURERA";"23";"FABRICACION DE COQUE, PRODUCTOS DE LA REFINACION DEL PETROLEO Y COMBUSTIBLE NUCLEAR";NA;NA;"0"
"24";"FABRICACION DE SUSTANCIAS Y PRODUCTOS QUIMICOS";"D";"INDUSTRIA MANUFACTURERA";"24";"FABRICACION DE SUSTANCIAS Y PRODUCTOS QUIMICOS";NA;NA;"0"
"2401";"Fabricación de pinturas; barnices y productos de revestimiento similares; tintas de imprenta y masillas";"D";"INDUSTRIA MANUFACTURERA";"24";"FABRICACION DE SUSTANCIAS Y PRODUCTOS QUIMICOS";NA;NA;"0"
"2402";"Fabricación de productos farmacéuticos, sustancias químicas medicinales y productos botánicos";"D";"INDUSTRIA MANUFACTURERA";"24";"FABRICACION DE SUSTANCIAS Y PRODUCTOS QUIMICOS";NA;NA;"0"
"2403";"Fabricación de jabones y detergentes, preparados para limpiar y pulir, perfumes y preparados de tocador";"D";"INDUSTRIA MANUFACTURERA";"24";"FABRICACION DE SUSTANCIAS Y PRODUCTOS QUIMICOS";NA;NA;"0"
"2409";"Fabricación de sustancias químicas básicas, fibras manufacturadas y productos químicos n.c.p.";"D";"INDUSTRIA MANUFACTURERA";"24";"FABRICACION DE SUSTANCIAS Y PRODUCTOS QUIMICOS";NA;NA;"0"
"25";"FABRICACIÓN DE PRODUCTOS DE CAUCHO Y PLASTICO";"D";"INDUSTRIA MANUFACTURERA";"25";"FABRICACIÓN DE PRODUCTOS DE CAUCHO Y PLASTICO";NA;NA;"0"
"2501";"Fabricación de productos de caucho";"D";"INDUSTRIA MANUFACTURERA";"25";"FABRICACIÓN DE PRODUCTOS DE CAUCHO Y PLASTICO";NA;NA;"0"
"2502";"Fabricación de productos de plástico";"D";"INDUSTRIA MANUFACTURERA";"25";"FABRICACIÓN DE PRODUCTOS DE CAUCHO Y PLASTICO";NA;NA;"0"
"26";"FABRICACIÓN DE PRODUCTOS MINERALES NO METALICOS";"D";"INDUSTRIA MANUFACTURERA";"26";"FABRICACIÓN DE PRODUCTOS MINERALES NO METALICOS";NA;NA;"0"
"2601";"Fabricación de vidrio y productos de vidrio";"D";"INDUSTRIA MANUFACTURERA";"26";"FABRICACIÓN DE PRODUCTOS MINERALES NO METALICOS";NA;NA;"0"
"2609";"Fabricación de productos minerales no metálicos n.c.p.";"D";"INDUSTRIA MANUFACTURERA";"26";"FABRICACIÓN DE PRODUCTOS MINERALES NO METALICOS";NA;NA;"0"
"27";"FABRICACIÓN DE METALES COMUNES";"D";"INDUSTRIA MANUFACTURERA";"27";"FABRICACIÓN DE METALES COMUNES";NA;NA;"0"
"2700";"Fabricación de metales comunes";"D";"INDUSTRIA MANUFACTURERA";"27";"FABRICACIÓN DE METALES COMUNES";NA;NA;"0"
"28";"FABRICACIÓN DE PRODUCTOS ELABORADOS DE METAL, EXCEPTO MAQUINARIA Y EQUIPO";"D";"INDUSTRIA MANUFACTURERA";"28";"FABRICACIÓN DE PRODUCTOS ELABORADOS DE METAL, EXCEPTO MAQUINARIA Y EQUIPO";NA;NA;"0"
"2800";"Fabricación de productos elaborados de metal, excepto maquinaria y equipo";"D";"INDUSTRIA MANUFACTURERA";"28";"FABRICACIÓN DE PRODUCTOS ELABORADOS DE METAL, EXCEPTO MAQUINARIA Y EQUIPO";NA;NA;"0"
"29";"FABRICACIÓN DE MAQUINARIA Y EQUIPO N.C.P.";"D";"INDUSTRIA MANUFACTURERA";"29";"FABRICACIÓN DE MAQUINARIA Y EQUIPO N.C.P.";NA;NA;"0"
"2900";"Fabricación de maquinaria y equipo n.c.p.";"D";"INDUSTRIA MANUFACTURERA";"29";"FABRICACIÓN DE MAQUINARIA Y EQUIPO N.C.P.";NA;NA;"0"
"30";"FABRICACIÓN DE MAQUINARIA DE OFICINA, CONTABILIDAD E INFORMÁTICA";"D";"INDUSTRIA MANUFACTURERA";"30";"FABRICACIÓN DE MAQUINARIA DE OFICINA, CONTABILIDAD E INFORMÁTICA";NA;NA;"0"
"3000";"Fabricación de maquinaria de oficina, contabilidad e informática";"D";"INDUSTRIA MANUFACTURERA";"30";"FABRICACIÓN DE MAQUINARIA DE OFICINA, CONTABILIDAD E INFORMÁTICA";NA;NA;"0"
"31";"FABRICACIÓN DE MAQUINARIA Y APARATOS ELÉCTRICOS N.C.P.";"D";"INDUSTRIA MANUFACTURERA";"31";"FABRICACIÓN DE MAQUINARIA Y APARATOS ELÉCTRICOS N.C.P.";NA;NA;"0"
"3100";"Fabricación de maquinaria y aparatos eléctricos n.c.p.";"D";"INDUSTRIA MANUFACTURERA";"31";"FABRICACIÓN DE MAQUINARIA Y APARATOS ELÉCTRICOS N.C.P.";NA;NA;"0"
"32";"FABRICACIÓN DE EQUIPOS Y APARATOS DE RADIO, TELEVISIÓN Y COMUNICACIONES";"D";"INDUSTRIA MANUFACTURERA";"32";"FABRICACIÓN DE EQUIPOS Y APARATOS DE RADIO, TELEVISIÓN Y COMUNICACIONES";NA;NA;"0"
"3200";"Fabricación de equipos y aparatos de radio, televisión y comunicaciones";"D";"INDUSTRIA MANUFACTURERA";"32";"FABRICACIÓN DE EQUIPOS Y APARATOS DE RADIO, TELEVISIÓN Y COMUNICACIONES";NA;NA;"0"
"33";"FABRICACIÓN DE INSTRUMENTOS MÉDICOS, ÓPTICOS Y DE PRECISIÓN; FABRICACIÓN DE RELOJES";"D";"INDUSTRIA MANUFACTURERA";"33";"FABRICACIÓN DE INSTRUMENTOS MÉDICOS, ÓPTICOS Y DE PRECISIÓN; FABRICACIÓN DE RELOJES";NA;NA;"0"
"3300";"Fabricación de instrumentos médicos, ópticos y de precisión; fabricación de relojes";"D";"INDUSTRIA MANUFACTURERA";"33";"FABRICACIÓN DE INSTRUMENTOS MÉDICOS, ÓPTICOS Y DE PRECISIÓN; FABRICACIÓN DE RELOJES";NA;NA;"0"
"34";"FABRICACIÓN DE VEHÍCULOS AUTOMOTORES, REMOLQUES Y SEMIREMOLQUES";"D";"INDUSTRIA MANUFACTURERA";"34";"FABRICACIÓN DE VEHÍCULOS AUTOMOTORES, REMOLQUES Y SEMIREMOLQUES";NA;NA;"0"
"3400";"Fabricación de vehículos automotores, remolques y semiremolques";"D";"INDUSTRIA MANUFACTURERA";"34";"FABRICACIÓN DE VEHÍCULOS AUTOMOTORES, REMOLQUES Y SEMIREMOLQUES";NA;NA;"0"
"35";"FABRICACIÓN DE EQUIPO DE TRANSPORTE N.C.P.";"D";"INDUSTRIA MANUFACTURERA";"35";"FABRICACIÓN DE EQUIPO DE TRANSPORTE N.C.P.";NA;NA;"0"
"3501";"Construcción y reparación de buques y embarcaciones";"D";"INDUSTRIA MANUFACTURERA";"35";"FABRICACIÓN DE EQUIPO DE TRANSPORTE N.C.P.";NA;NA;"0"
"3502";"Fabricación de locomotoras y de material rodante para ferrocarriles y tranvías";"D";"INDUSTRIA MANUFACTURERA";"35";"FABRICACIÓN DE EQUIPO DE TRANSPORTE N.C.P.";NA;NA;"0"
"3503";"Fabricación y reparación de aeronaves";"D";"INDUSTRIA MANUFACTURERA";"35";"FABRICACIÓN DE EQUIPO DE TRANSPORTE N.C.P.";NA;NA;"0"
"3509";"Fabricación de equipo de transporte n.c.p.";"D";"INDUSTRIA MANUFACTURERA";"35";"FABRICACIÓN DE EQUIPO DE TRANSPORTE N.C.P.";NA;NA;"0"
"36";"FABRICACIÓN DE MUEBLES Y COLCHONES; INDUSTRIAS MANUFACTURERAS N.C.P.";"D";"INDUSTRIA MANUFACTURERA";"36";"FABRICACIÓN DE MUEBLES Y COLCHONES; INDUSTRIAS MANUFACTURERAS N.C.P.";NA;NA;"0"
"3601";"Fabricación de muebles y colchones";"D";"INDUSTRIA MANUFACTURERA";"36";"FABRICACIÓN DE MUEBLES Y COLCHONES; INDUSTRIAS MANUFACTURERAS N.C.P.";NA;NA;"0"
"3609";"Industrias manufactureras n.c.p.";"D";"INDUSTRIA MANUFACTURERA";"36";"FABRICACIÓN DE MUEBLES Y COLCHONES; INDUSTRIAS MANUFACTURERAS N.C.P.";NA;NA;"0"
"37";"RECICLAMIENTO";"D";"INDUSTRIA MANUFACTURERA";"37";"RECICLAMIENTO";NA;NA;"0"
"3700";"Reciclamiento";"D";"INDUSTRIA MANUFACTURERA";"37";"RECICLAMIENTO";NA;NA;"0"
"40";"ELECTRICIDAD, GAS, VAPOR Y AGUA CALIENTE";"E";"ELECTRICIDAD, GAS Y AGUA";"40";"ELECTRICIDAD, GAS, VAPOR Y AGUA CALIENTE";NA;NA;"0"
"4001";"Generación, transporte y distribución de energía eléctrica";"E";"ELECTRICIDAD, GAS Y AGUA";"40";"ELECTRICIDAD, GAS, VAPOR Y AGUA CALIENTE";NA;NA;"0"
"4002";"Fabricación de gas y distribución de combustibles gaseosos por tuberías, suministro de vapor y agua caliente";"E";"ELECTRICIDAD, GAS Y AGUA";"40";"ELECTRICIDAD, GAS, VAPOR Y AGUA CALIENTE";NA;NA;"0"
"41";"CAPTACION, DEPURACION Y DISTRIBUCION DE AGUA";"E";"ELECTRICIDAD, GAS Y AGUA";"41";"CAPTACION, DEPURACION Y DISTRIBUCION DE AGUA";NA;NA;"0"
"4100";"Captación, depuración y distribución de agua";"E";"ELECTRICIDAD, GAS Y AGUA";"41";"CAPTACION, DEPURACION Y DISTRIBUCION DE AGUA";NA;NA;"0"
"45";"CONSTRUCCION";"F";"CONSTRUCCION";"45";"CONSTRUCCION";NA;NA;"0"
"4500";"Construcción";"F";"CONSTRUCCION";"45";"CONSTRUCCION";NA;NA;"0"
"50";"VENTA, MANTENIMIENTO Y REPARACION DE VEHICULOS AUTOMOTORES Y MOTOCICLETAS; VENTA AL POR MENOR DE COMBUSTIBLE PARA VEHÍCULOS AUTOMOTORES";"G";"COMERCIO AL POR MAYOR Y AL POR MENOR; REPARACION DE VEHICULOS AUTOMOTORES, MOTOCICLETAS, EFECTOS PERSONALES Y ENSERES DOMESTICOS";"50";"VENTA, MANTENIMIENTO Y REPARACION DE VEHICULOS AUTOMOTORES Y MOTOCICLETAS; VENTA AL POR MENOR DE COMBUSTIBLE PARA VEHÍCULOS AUTOMOTORES";NA;NA;"0"
"5001";"Venta de vehículos automotores, excepto motocicletas";"G";"COMERCIO AL POR MAYOR Y AL POR MENOR; REPARACION DE VEHICULOS AUTOMOTORES, MOTOCICLETAS, EFECTOS PERSONALES Y ENSERES DOMESTICOS";"50";"VENTA, MANTENIMIENTO Y REPARACION DE VEHICULOS AUTOMOTORES Y MOTOCICLETAS; VENTA AL POR MENOR DE COMBUSTIBLE PARA VEHÍCULOS AUTOMOTORES";NA;NA;"0"
"5002";"Mantenimiento y reparación de vehículos automotores, excepto motocicletas";"G";"COMERCIO AL POR MAYOR Y AL POR MENOR; REPARACION DE VEHICULOS AUTOMOTORES, MOTOCICLETAS, EFECTOS PERSONALES Y ENSERES DOMESTICOS";"50";"VENTA, MANTENIMIENTO Y REPARACION DE VEHICULOS AUTOMOTORES Y MOTOCICLETAS; VENTA AL POR MENOR DE COMBUSTIBLE PARA VEHÍCULOS AUTOMOTORES";NA;NA;"0"
"5003";"Venta de partes, piezas y accesorios de vehículos automotores";"G";"COMERCIO AL POR MAYOR Y AL POR MENOR; REPARACION DE VEHICULOS AUTOMOTORES, MOTOCICLETAS, EFECTOS PERSONALES Y ENSERES DOMESTICOS";"50";"VENTA, MANTENIMIENTO Y REPARACION DE VEHICULOS AUTOMOTORES Y MOTOCICLETAS; VENTA AL POR MENOR DE COMBUSTIBLE PARA VEHÍCULOS AUTOMOTORES";NA;NA;"0"
"5004";"Venta, mantenimiento y reparación de motocicletas y de sus partes, piezas y accesorios";"G";"COMERCIO AL POR MAYOR Y AL POR MENOR; REPARACION DE VEHICULOS AUTOMOTORES, MOTOCICLETAS, EFECTOS PERSONALES Y ENSERES DOMESTICOS";"50";"VENTA, MANTENIMIENTO Y REPARACION DE VEHICULOS AUTOMOTORES Y MOTOCICLETAS; VENTA AL POR MENOR DE COMBUSTIBLE PARA VEHÍCULOS AUTOMOTORES";NA;NA;"0"
"5005";"Venta al por menor de combustible para vehículos automotores y motocicletas";"G";"COMERCIO AL POR MAYOR Y AL POR MENOR; REPARACION DE VEHICULOS AUTOMOTORES, MOTOCICLETAS, EFECTOS PERSONALES Y ENSERES DOMESTICOS";"50";"VENTA, MANTENIMIENTO Y REPARACION DE VEHICULOS AUTOMOTORES Y MOTOCICLETAS; VENTA AL POR MENOR DE COMBUSTIBLE PARA VEHÍCULOS AUTOMOTORES";NA;NA;"0"
"53";"COMERCIO AL POR MAYOR, EN COMISION Y AL POR MENOR, EXCEPTO VEHICULOS AUTOMOTORES Y MOTOCICLETAS";"G";"COMERCIO AL POR MAYOR Y AL POR MENOR; REPARACION DE VEHICULOS AUTOMOTORES, MOTOCICLETAS, EFECTOS PERSONALES Y ENSERES DOMESTICOS";"53";"COMERCIO AL POR MAYOR, EN COMISION Y AL POR MENOR, EXCEPTO VEHICULOS AUTOMOTORES Y MOTOCICLETAS";NA;NA;"0"
"5301";"Comercio de intermediación";"G";"COMERCIO AL POR MAYOR Y AL POR MENOR; REPARACION DE VEHICULOS AUTOMOTORES, MOTOCICLETAS, EFECTOS PERSONALES Y ENSERES DOMESTICOS";"53";"COMERCIO AL POR MAYOR, EN COMISION Y AL POR MENOR, EXCEPTO VEHICULOS AUTOMOTORES Y MOTOCICLETAS";NA;NA;"0"
"5302";"Comercio de materias primas agropecuarias";"G";"COMERCIO AL POR MAYOR Y AL POR MENOR; REPARACION DE VEHICULOS AUTOMOTORES, MOTOCICLETAS, EFECTOS PERSONALES Y ENSERES DOMESTICOS";"53";"COMERCIO AL POR MAYOR, EN COMISION Y AL POR MENOR, EXCEPTO VEHICULOS AUTOMOTORES Y MOTOCICLETAS";NA;NA;"0"
"5303";"Comercio de alimentos, bebidas y tabaco";"G";"COMERCIO AL POR MAYOR Y AL POR MENOR; REPARACION DE VEHICULOS AUTOMOTORES, MOTOCICLETAS, EFECTOS PERSONALES Y ENSERES DOMESTICOS";"53";"COMERCIO AL POR MAYOR, EN COMISION Y AL POR MENOR, EXCEPTO VEHICULOS AUTOMOTORES Y MOTOCICLETAS";NA;NA;"0"
"5304";"Comercio de textiles y avíos (mercería), prendas de vestir, calzado, marroquinería y art. similares";"G";"COMERCIO AL POR MAYOR Y AL POR MENOR; REPARACION DE VEHICULOS AUTOMOTORES, MOTOCICLETAS, EFECTOS PERSONALES Y ENSERES DOMESTICOS";"53";"COMERCIO AL POR MAYOR, EN COMISION Y AL POR MENOR, EXCEPTO VEHICULOS AUTOMOTORES Y MOTOCICLETAS";NA;NA;"0"
"5305";"Comercio de materiales de construcción, artículos de ferretería y materiales para plomería e instalaciones de gas; pinturas, espejos, artículos para revestimientos";"G";"COMERCIO AL POR MAYOR Y AL POR MENOR; REPARACION DE VEHICULOS AUTOMOTORES, MOTOCICLETAS, EFECTOS PERSONALES Y ENSERES DOMESTICOS";"53";"COMERCIO AL POR MAYOR, EN COMISION Y AL POR MENOR, EXCEPTO VEHICULOS AUTOMOTORES Y MOTOCICLETAS";NA;NA;"0"
"5306";"Comercio de mercaderías ncp incluso mercaderías usadas";"G";"COMERCIO AL POR MAYOR Y AL POR MENOR; REPARACION DE VEHICULOS AUTOMOTORES, MOTOCICLETAS, EFECTOS PERSONALES Y ENSERES DOMESTICOS";"53";"COMERCIO AL POR MAYOR, EN COMISION Y AL POR MENOR, EXCEPTO VEHICULOS AUTOMOTORES Y MOTOCICLETAS";NA;NA;"0"
"5307";"Tiendas no especializadas con predominancia de alimentos y bebidas";"G";"COMERCIO AL POR MAYOR Y AL POR MENOR; REPARACION DE VEHICULOS AUTOMOTORES, MOTOCICLETAS, EFECTOS PERSONALES Y ENSERES DOMESTICOS";"53";"COMERCIO AL POR MAYOR, EN COMISION Y AL POR MENOR, EXCEPTO VEHICULOS AUTOMOTORES Y MOTOCICLETAS";NA;NA;"0"
"5308";"Tiendas no especializadas sin predominancia de alimentos y bebidas";"G";"COMERCIO AL POR MAYOR Y AL POR MENOR; REPARACION DE VEHICULOS AUTOMOTORES, MOTOCICLETAS, EFECTOS PERSONALES Y ENSERES DOMESTICOS";"53";"COMERCIO AL POR MAYOR, EN COMISION Y AL POR MENOR, EXCEPTO VEHICULOS AUTOMOTORES Y MOTOCICLETAS";NA;NA;"0"
"5309";"Venta al por menor por correo, televisión, Internet y otros medios de comunicación";"G";"COMERCIO AL POR MAYOR Y AL POR MENOR; REPARACION DE VEHICULOS AUTOMOTORES, MOTOCICLETAS, EFECTOS PERSONALES Y ENSERES DOMESTICOS";"53";"COMERCIO AL POR MAYOR, EN COMISION Y AL POR MENOR, EXCEPTO VEHICULOS AUTOMOTORES Y MOTOCICLETAS";NA;NA;"0"
"5310";"Venta al por menor en puestos móviles y no realizadas en tiendas n.c.p.";"G";"COMERCIO AL POR MAYOR Y AL POR MENOR; REPARACION DE VEHICULOS AUTOMOTORES, MOTOCICLETAS, EFECTOS PERSONALES Y ENSERES DOMESTICOS";"53";"COMERCIO AL POR MAYOR, EN COMISION Y AL POR MENOR, EXCEPTO VEHICULOS AUTOMOTORES Y MOTOCICLETAS";NA;NA;"0"
"5311";"Reparación de efectos personales y enseres domésticos";"G";"COMERCIO AL POR MAYOR Y AL POR MENOR; REPARACION DE VEHICULOS AUTOMOTORES, MOTOCICLETAS, EFECTOS PERSONALES Y ENSERES DOMESTICOS";"53";"COMERCIO AL POR MAYOR, EN COMISION Y AL POR MENOR, EXCEPTO VEHICULOS AUTOMOTORES Y MOTOCICLETAS";NA;NA;"0"
"55";"SERVICIOS DE HOTELERIA Y RESTAURANTES";"H";"SERVICIOS DE HOTELERIA Y RESTAURANTES";"55";"SERVICIOS DE HOTELERIA Y RESTAURANTES";NA;NA;"0"
"5501";"Servicios de alojamiento en hoteles, campamentos y otros tipos de hospedaje temporal";"H";"SERVICIOS DE HOTELERIA Y RESTAURANTES";"55";"SERVICIOS DE HOTELERIA Y RESTAURANTES";NA;NA;"0"
"5502";"Servicios de expendio de comidas por vendedores ambulantes";"H";"SERVICIOS DE HOTELERIA Y RESTAURANTES";"55";"SERVICIOS DE HOTELERIA Y RESTAURANTES";NA;NA;"0"
"5503";"Servicios de expendio de comidas y bebidas excepto vendedores ambulantes de comidas";"H";"SERVICIOS DE HOTELERIA Y RESTAURANTES";"55";"SERVICIOS DE HOTELERIA Y RESTAURANTES";NA;NA;"0"
"60";"SERVICIO DE TRANSPORTE TERRESTRE";"I";"SERVICIO DE TRANSPORTE, DE ALMACENAMIENTO Y DE COMUNICACIONES";"60";"SERVICIO DE TRANSPORTE TERRESTRE";NA;NA;"0"
"6001";"Transporte ferroviario";"I";"SERVICIO DE TRANSPORTE, DE ALMACENAMIENTO Y DE COMUNICACIONES";"60";"SERVICIO DE TRANSPORTE TERRESTRE";NA;NA;"0"
"6002";"Transporte por metro";"I";"SERVICIO DE TRANSPORTE, DE ALMACENAMIENTO Y DE COMUNICACIONES";"60";"SERVICIO DE TRANSPORTE TERRESTRE";NA;NA;"0"
"6003";"Transporte automotor de carga";"I";"SERVICIO DE TRANSPORTE, DE ALMACENAMIENTO Y DE COMUNICACIONES";"60";"SERVICIO DE TRANSPORTE TERRESTRE";NA;NA;"0"
"6004";"Transporte automotor de pasajeros";"I";"SERVICIO DE TRANSPORTE, DE ALMACENAMIENTO Y DE COMUNICACIONES";"60";"SERVICIO DE TRANSPORTE TERRESTRE";NA;NA;"0"
"6009";"Transporte terrestre ncp";"I";"SERVICIO DE TRANSPORTE, DE ALMACENAMIENTO Y DE COMUNICACIONES";"60";"SERVICIO DE TRANSPORTE TERRESTRE";NA;NA;"0"
"61";"SERVICIO DE TRANSPORTE POR VIA ACUATICA";"I";"SERVICIO DE TRANSPORTE, DE ALMACENAMIENTO Y DE COMUNICACIONES";"61";"SERVICIO DE TRANSPORTE POR VIA ACUATICA";NA;NA;"0"
"6100";"Servicio de transporte por vía acuática";"I";"SERVICIO DE TRANSPORTE, DE ALMACENAMIENTO Y DE COMUNICACIONES";"61";"SERVICIO DE TRANSPORTE POR VIA ACUATICA";NA;NA;"0"
"62";"SERVICIO DE TRANSPORTE AEREO";"I";"SERVICIO DE TRANSPORTE, DE ALMACENAMIENTO Y DE COMUNICACIONES";"62";"SERVICIO DE TRANSPORTE AEREO";NA;NA;"0"
"6200";"Servicio de transporte aéreo";"I";"SERVICIO DE TRANSPORTE, DE ALMACENAMIENTO Y DE COMUNICACIONES";"62";"SERVICIO DE TRANSPORTE AEREO";NA;NA;"0"
"63";"SERVICIOS ANEXOS AL TRANSPORTE; SERVICIOS DE AGENCIAS DE VIAJE";"I";"SERVICIO DE TRANSPORTE, DE ALMACENAMIENTO Y DE COMUNICACIONES";"63";"SERVICIOS ANEXOS AL TRANSPORTE; SERVICIOS DE AGENCIAS DE VIAJE";NA;NA;"0"
"6301";"Manipulación , almacenamiento y depósito";"I";"SERVICIO DE TRANSPORTE, DE ALMACENAMIENTO Y DE COMUNICACIONES";"63";"SERVICIOS ANEXOS AL TRANSPORTE; SERVICIOS DE AGENCIAS DE VIAJE";NA;NA;"0"
"6302";"Servicios auxiliares para el transporte";"I";"SERVICIO DE TRANSPORTE, DE ALMACENAMIENTO Y DE COMUNICACIONES";"63";"SERVICIOS ANEXOS AL TRANSPORTE; SERVICIOS DE AGENCIAS DE VIAJE";NA;NA;"0"
"6303";"Agencias de viaje y actividades complementarias de apoyo turístico";"I";"SERVICIO DE TRANSPORTE, DE ALMACENAMIENTO Y DE COMUNICACIONES";"63";"SERVICIOS ANEXOS AL TRANSPORTE; SERVICIOS DE AGENCIAS DE VIAJE";NA;NA;"0"
"64";"SERVICIOS DE CORREOS Y TELECOMUNICACIONES";"I";"SERVICIO DE TRANSPORTE, DE ALMACENAMIENTO Y DE COMUNICACIONES";"64";"SERVICIOS DE CORREOS Y TELECOMUNICACIONES";NA;NA;"0"
"6401";"Servicios de correos";"I";"SERVICIO DE TRANSPORTE, DE ALMACENAMIENTO Y DE COMUNICACIONES";"64";"SERVICIOS DE CORREOS Y TELECOMUNICACIONES";NA;NA;"0"
"6402";"Servicios de telecomunicaciones";"I";"SERVICIO DE TRANSPORTE, DE ALMACENAMIENTO Y DE COMUNICACIONES";"64";"SERVICIOS DE CORREOS Y TELECOMUNICACIONES";NA;NA;"0"
"65";"INTERMEDIACION FINANCIERA Y OTROS SERVICIOS FINANCIEROS EXCEPTO LOS DE SEGURO Y DE ADMINISTRACION DE FONDOS DE JUBILACIONES Y PENSIONES";"J";"INTERMEDIACION FINANCIERA Y OTROS SERVICIOS FINANCIEROS";"65";"INTERMEDIACION FINANCIERA Y OTROS SERVICIOS FINANCIEROS EXCEPTO LOS DE SEGURO Y DE ADMINISTRACION DE FONDOS DE JUBILACIONES Y PENSIONES";NA;NA;"0"
"6500";"Intermediación financiera y otros servicios financieros excepto los de seguro y de administración de fondos de jubilaciones y pensiones";"J";"INTERMEDIACION FINANCIERA Y OTROS SERVICIOS FINANCIEROS";"65";"INTERMEDIACION FINANCIERA Y OTROS SERVICIOS FINANCIEROS EXCEPTO LOS DE SEGURO Y DE ADMINISTRACION DE FONDOS DE JUBILACIONES Y PENSIONES";NA;NA;"0"
"66";"SERVICIOS DE SEGUROS Y DE ADMINISTRACIÓN DE FONDOS DE JUBILACIONES Y PENSIONES";"J";"INTERMEDIACION FINANCIERA Y OTROS SERVICIOS FINANCIEROS";"66";"SERVICIOS DE SEGUROS Y DE ADMINISTRACIÓN DE FONDOS DE JUBILACIONES Y PENSIONES";NA;NA;"0"
"6600";"Servicios de seguros y de administración de fondos de jubilaciones y pensiones";"J";"INTERMEDIACION FINANCIERA Y OTROS SERVICIOS FINANCIEROS";"66";"SERVICIOS DE SEGUROS Y DE ADMINISTRACIÓN DE FONDOS DE JUBILACIONES Y PENSIONES";NA;NA;"0"
"67";"SERVICIOS AUXILIARES A LA ACTIVIDAD FINANCIERA";"J";"INTERMEDIACION FINANCIERA Y OTROS SERVICIOS FINANCIEROS";"67";"SERVICIOS AUXILIARES A LA ACTIVIDAD FINANCIERA";NA;NA;"0"
"6701";"Servicios auxiliares a la actividad financiera, excepto a los servicios de seguros y de administración de fondos de jubilaciones y pensiones";"J";"INTERMEDIACION FINANCIERA Y OTROS SERVICIOS FINANCIEROS";"67";"SERVICIOS AUXILIARES A LA ACTIVIDAD FINANCIERA";NA;NA;"0"
"6702";"Servicios auxiliares a los servicios de seguros y de administración de fondos de jubilaciones y pensiones";"J";"INTERMEDIACION FINANCIERA Y OTROS SERVICIOS FINANCIEROS";"67";"SERVICIOS AUXILIARES A LA ACTIVIDAD FINANCIERA";NA;NA;"0"
"70";"SERVICIOS INMOBILIARIOS";"K";"SERVICIOS INMOBILIARIOS , EMPRESARIALES Y DE ALQUILER";"70";"SERVICIOS INMOBILIARIOS";NA;NA;"0"
"7000";"Servicios inmobiliarios";"K";"SERVICIOS INMOBILIARIOS , EMPRESARIALES Y DE ALQUILER";"70";"SERVICIOS INMOBILIARIOS";NA;NA;"0"
"71";"ALQUILER DE EQUIPO DE TRANSPORTE";"K";"SERVICIOS INMOBILIARIOS , EMPRESARIALES Y DE ALQUILER";"71";"ALQUILER DE EQUIPO DE TRANSPORTE";NA;NA;"0"
"7101";"Alquiler de vehículos de transporte";"K";"SERVICIOS INMOBILIARIOS , EMPRESARIALES Y DE ALQUILER";"71";"ALQUILER DE EQUIPO DE TRANSPORTE";NA;NA;"0"
"7102";"Alquiler de maquinaria y equipo n.c.p.";"K";"SERVICIOS INMOBILIARIOS , EMPRESARIALES Y DE ALQUILER";"71";"ALQUILER DE EQUIPO DE TRANSPORTE";NA;NA;"0"
"7103";"Alquiler de efectos personales y domésticos";"K";"SERVICIOS INMOBILIARIOS , EMPRESARIALES Y DE ALQUILER";"71";"ALQUILER DE EQUIPO DE TRANSPORTE";NA;NA;"0"
"72";"SERVICIOS INFORMATICOS Y ACTIVIDADES CONEXAS";"K";"SERVICIOS INMOBILIARIOS , EMPRESARIALES Y DE ALQUILER";"72";"SERVICIOS INFORMATICOS Y ACTIVIDADES CONEXAS";NA;NA;"0"
"7201";"Servicios de informática";"K";"SERVICIOS INMOBILIARIOS , EMPRESARIALES Y DE ALQUILER";"72";"SERVICIOS INFORMATICOS Y ACTIVIDADES CONEXAS";NA;NA;"0"
"7202";"Mantenimiento y reparación de maquinaria de oficina, contabilidad e informática";"K";"SERVICIOS INMOBILIARIOS , EMPRESARIALES Y DE ALQUILER";"72";"SERVICIOS INFORMATICOS Y ACTIVIDADES CONEXAS";NA;NA;"0"
"73";"INVESTIGACIÓN Y DESARROLLO";"K";"SERVICIOS INMOBILIARIOS , EMPRESARIALES Y DE ALQUILER";"73";"INVESTIGACIÓN Y DESARROLLO";NA;NA;"0"
"7300";"Investigación y desarrollo";"K";"SERVICIOS INMOBILIARIOS , EMPRESARIALES Y DE ALQUILER";"73";"INVESTIGACIÓN Y DESARROLLO";NA;NA;"0"
"74";"SERVICIOS EMPRESARIALES N.C.P.";"K";"SERVICIOS INMOBILIARIOS , EMPRESARIALES Y DE ALQUILER";"74";"SERVICIOS EMPRESARIALES N.C.P.";NA;NA;"0"
"7401";"Servicios jurídicos y de contabilidad, teneduría de libros y auditoria; asesoramiento en materia de impuestos; estudios de mercados y realización de encuestas de opinión pública; asesoramiento empresarial y en materia de gestión";"K";"SERVICIOS INMOBILIARIOS , EMPRESARIALES Y DE ALQUILER";"74";"SERVICIOS EMPRESARIALES N.C.P.";NA;NA;"0"
"7402";"Servicios de arquitectura e ingeniería y servicios técnicos n.c.p.";"K";"SERVICIOS INMOBILIARIOS , EMPRESARIALES Y DE ALQUILER";"74";"SERVICIOS EMPRESARIALES N.C.P.";NA;NA;"0"
"7403";"Servicios de publicidad";"K";"SERVICIOS INMOBILIARIOS , EMPRESARIALES Y DE ALQUILER";"74";"SERVICIOS EMPRESARIALES N.C.P.";NA;NA;"0"
"7404";"Obtención y dotación de personal";"K";"SERVICIOS INMOBILIARIOS , EMPRESARIALES Y DE ALQUILER";"74";"SERVICIOS EMPRESARIALES N.C.P.";NA;NA;"0"
"7405";"Servicios de investigación y seguridad";"K";"SERVICIOS INMOBILIARIOS , EMPRESARIALES Y DE ALQUILER";"74";"SERVICIOS EMPRESARIALES N.C.P.";NA;NA;"0"
"7406";"Servicios de limpieza de edificios";"K";"SERVICIOS INMOBILIARIOS , EMPRESARIALES Y DE ALQUILER";"74";"SERVICIOS EMPRESARIALES N.C.P.";NA;NA;"0"
"7409";"Servicios de fotografía, servicios de envase y empaque, servicios empresariales n.c.p.";"K";"SERVICIOS INMOBILIARIOS , EMPRESARIALES Y DE ALQUILER";"74";"SERVICIOS EMPRESARIALES N.C.P.";NA;NA;"0"
"75";"ADMINISTRACION PUBLICA, DEFENSA Y SEGURIDAD SOCIAL OBLIGATORIA";"L";"ADMINISTRACION PUBLICA, DEFENSA Y SEGURIDAD SOCIAL OBLIGATORIA";"75";"ADMINISTRACION PUBLICA, DEFENSA Y SEGURIDAD SOCIAL OBLIGATORIA";NA;NA;"0"
"7501";"Administración pública";"L";"ADMINISTRACION PUBLICA, DEFENSA Y SEGURIDAD SOCIAL OBLIGATORIA";"75";"ADMINISTRACION PUBLICA, DEFENSA Y SEGURIDAD SOCIAL OBLIGATORIA";NA;NA;"0"
"7502";"Fuerzas Armadas, Policías, etc.";"L";"ADMINISTRACION PUBLICA, DEFENSA Y SEGURIDAD SOCIAL OBLIGATORIA";"75";"ADMINISTRACION PUBLICA, DEFENSA Y SEGURIDAD SOCIAL OBLIGATORIA";NA;NA;"0"
"7503";"Obras Sociales";"L";"ADMINISTRACION PUBLICA, DEFENSA Y SEGURIDAD SOCIAL OBLIGATORIA";"75";"ADMINISTRACION PUBLICA, DEFENSA Y SEGURIDAD SOCIAL OBLIGATORIA";NA;NA;"0"
"80";"ENSEÑANZA";"M";"ENSEÑANZA";"80";"ENSEÑANZA";NA;NA;"0"
"8001";"Enseñanza inicial y primaria";"M";"ENSEÑANZA";"80";"ENSEÑANZA";NA;NA;"0"
"8002";"Enseñanza secundaria";"M";"ENSEÑANZA";"80";"ENSEÑANZA";NA;NA;"0"
"8003";"Enseñanza Superior o Universitaria";"M";"ENSEÑANZA";"80";"ENSEÑANZA";NA;NA;"0"
"8004";"Niveles combinados";"M";"ENSEÑANZA";"80";"ENSEÑANZA";NA;NA;"0"
"8009";"Enseñanza para adultos y servicios de enseñanza n.c.p.";"M";"ENSEÑANZA";"80";"ENSEÑANZA";NA;NA;"0"
"85";"SERVICIOS SOCIALES Y DE SALUD";"N";"SERVICIOS SOCIALES Y DE SALUD";"85";"SERVICIOS SOCIALES Y DE SALUD";NA;NA;"0"
"8501";"Servicios relacionados con la salud humana";"N";"SERVICIOS SOCIALES Y DE SALUD";"85";"SERVICIOS SOCIALES Y DE SALUD";NA;NA;"0"
"8502";"Servicios veterinarios";"N";"SERVICIOS SOCIALES Y DE SALUD";"85";"SERVICIOS SOCIALES Y DE SALUD";NA;NA;"0"
"8503";"Servicios sociales";"N";"SERVICIOS SOCIALES Y DE SALUD";"85";"SERVICIOS SOCIALES Y DE SALUD";NA;NA;"0"
"90";"ELIMINACIÓN DE DESPERDICIOS Y AGUAS RESIDUALES, SANEAMIENTO Y SERVICIOS SIMILARES";"O";"SERVICIOS COMUNITARIOS, SOCIALES Y PERSONALES N.C.P.";"90";"ELIMINACIÓN DE DESPERDICIOS Y AGUAS RESIDUALES, SANEAMIENTO Y SERVICIOS SIMILARES";NA;NA;"0"
"9000";"Eliminación de desperdicios y aguas residuales, saneamiento y servicios similares";"O";"SERVICIOS COMUNITARIOS, SOCIALES Y PERSONALES N.C.P.";"90";"ELIMINACIÓN DE DESPERDICIOS Y AGUAS RESIDUALES, SANEAMIENTO Y SERVICIOS SIMILARES";NA;NA;"0"
"91";"SERVICIOS DE ASOCIACIONES";"O";"SERVICIOS COMUNITARIOS, SOCIALES Y PERSONALES N.C.P.";"91";"SERVICIOS DE ASOCIACIONES";NA;NA;"0"
"9101";"Servicios de sindicatos";"O";"SERVICIOS COMUNITARIOS, SOCIALES Y PERSONALES N.C.P.";"91";"SERVICIOS DE ASOCIACIONES";NA;NA;"0"
"9102";"Servicios de organizaciones empresariales, profesionales y de empleadores";"O";"SERVICIOS COMUNITARIOS, SOCIALES Y PERSONALES N.C.P.";"91";"SERVICIOS DE ASOCIACIONES";NA;NA;"0"
"9109";"Servicios de asociaciones n.c.p.";"O";"SERVICIOS COMUNITARIOS, SOCIALES Y PERSONALES N.C.P.";"91";"SERVICIOS DE ASOCIACIONES";NA;NA;"0"
"92";"SERVICIOS DE ESPARCIMIENTO Y SERVICIOS CULTURALES Y DEPORTIVOS";"O";"SERVICIOS COMUNITARIOS, SOCIALES Y PERSONALES N.C.P.";"92";"SERVICIOS DE ESPARCIMIENTO Y SERVICIOS CULTURALES Y DEPORTIVOS";NA;NA;"0"
"9201";"Servicios de cinematografía, radio y televisión y servicios de espectáculos artísticos y de diversión";"O";"SERVICIOS COMUNITARIOS, SOCIALES Y PERSONALES N.C.P.";"92";"SERVICIOS DE ESPARCIMIENTO Y SERVICIOS CULTURALES Y DEPORTIVOS";NA;NA;"0"
"9202";"Servicios de agencias de noticias";"O";"SERVICIOS COMUNITARIOS, SOCIALES Y PERSONALES N.C.P.";"92";"SERVICIOS DE ESPARCIMIENTO Y SERVICIOS CULTURALES Y DEPORTIVOS";NA;NA;"0"
"9203";"Servicios de bibliotecas, archivos y museos y servicios culturales n.c.p.";"O";"SERVICIOS COMUNITARIOS, SOCIALES Y PERSONALES N.C.P.";"92";"SERVICIOS DE ESPARCIMIENTO Y SERVICIOS CULTURALES Y DEPORTIVOS";NA;NA;"0"
"9204";"Servicios para la práctica deportiva y de entretenimiento n.c.p.";"O";"SERVICIOS COMUNITARIOS, SOCIALES Y PERSONALES N.C.P.";"92";"SERVICIOS DE ESPARCIMIENTO Y SERVICIOS CULTURALES Y DEPORTIVOS";NA;NA;"0"
"93";"SERVICIOS N.C.P.";"O";"SERVICIOS COMUNITARIOS, SOCIALES Y PERSONALES N.C.P.";"93";"SERVICIOS N.C.P.";NA;NA;"0"
"9301";"Lavado y limpieza de artículos de tela, cuero y/o de piel, incluso la limpieza en seco";"O";"SERVICIOS COMUNITARIOS, SOCIALES Y PERSONALES N.C.P.";"93";"SERVICIOS N.C.P.";NA;NA;"0"
"9302";"Servicios de peluquería y tratamientos de belleza";"O";"SERVICIOS COMUNITARIOS, SOCIALES Y PERSONALES N.C.P.";"93";"SERVICIOS N.C.P.";NA;NA;"0"
"9303";"Pompas fúnebres y servicios conexos";"O";"SERVICIOS COMUNITARIOS, SOCIALES Y PERSONALES N.C.P.";"93";"SERVICIOS N.C.P.";NA;NA;"0"
"9309";"Servicios n.c.p.";"O";"SERVICIOS COMUNITARIOS, SOCIALES Y PERSONALES N.C.P.";"93";"SERVICIOS N.C.P.";NA;NA;"0"
"95";"SERVICIOS DE HOGARES PRIVADOS QUE CONTRATAN SERVICIO DOMESTICO";"P";"SERVICIOS DE HOGARES PRIVADOS QUE CONTRATAN SERVICIO DOMESTICO";"95";"SERVICIOS DE HOGARES PRIVADOS QUE CONTRATAN SERVICIO DOMESTICO";NA;NA;"0"
"9500";"Servicios de hogares privados que contratan servicio domestico";"P";"SERVICIOS DE HOGARES PRIVADOS QUE CONTRATAN SERVICIO DOMESTICO";"95";"SERVICIOS DE HOGARES PRIVADOS QUE CONTRATAN SERVICIO DOMESTICO";NA;NA;"0"
"99";"SERVICIOS DE ORGANIZACIONES Y ORGANOS EXTRATERRITORIALES";"Q";"SERVICIOS DE ORGANIZACIONES Y ORGANOS EXTRATERRITORIALES";"99";"SERVICIOS DE ORGANIZACIONES Y ORGANOS EXTRATERRITORIALES";NA;NA;"0"
"9900";"Servicios de organizaciones y órganos extraterritoriales";"Q";"SERVICIOS DE ORGANIZACIONES Y ORGANOS EXTRATERRITORIALES";"99";"SERVICIOS DE ORGANIZACIONES Y ORGANOS EXTRATERRITORIALES";NA;NA;"0"
"9999";"Ns/Nr ó Actividad no especificada claramente";"Q";"SERVICIOS DE ORGANIZACIONES Y ORGANOS EXTRATERRITORIALES";"99";"SERVICIOS DE ORGANIZACIONES Y ORGANOS EXTRATERRITORIALES";NA;NA;"0"
